公司,年/月,季別,合併(Y/N),月份,幣別,營業收入淨額,營業成本,營業毛利,聯屬公司已（未）實現銷貨利益,已實現銷貨毛利,營業費用,  研究發展費,  預期信用減損（損失）利益－營業費用,其他收益及費損淨額,營業利益,  利息收入,其他收入,其他利益及損失,財務成本,採權益法之關聯企業及合資損益之份額,預期信用減損（損失）利益,除列按攤銷後成本衡量金融資產淨損益,金融資產重分類淨損益,營業外收入及支出－其他,營業外收入及支出,稅前淨利,所得稅費用,繼續營業單位損益,停業單位損益,合併前非屬共同控制股權損益,其他損益調整項－非常項目及累計影響數,合併總損益,  不重分類至損益之項目－OCI,  後續可能重分類至損益之項目－OCI,  合併前非屬共同控制股權綜合損益淨額－OCI,其他綜合損益－OCI,本期綜合損益總額,歸屬母公司淨利（損）,歸屬非控制權益淨利（損）,歸屬共同控制下前手權益淨利（損）,綜合損益歸屬母公司,綜合損益歸屬非控制權益,綜合損益歸屬共同控制下前手權益,每股盈餘,加權平均股數,發放特別股股息,稀釋稅後淨利,每股盈餘－完全稀釋,加權平均股數－稀釋,稅前息前淨利,稅前息前折舊前淨利,常續性稅後淨利
1101 台泥,2023/09,3,Y,09,NTD,"80,966,464","66,737,333","14,229,131",0,"14,229,131","7,632,475","1,047,398",0,0,"6,596,656",-,"4,514,864","-563,363","2,565,606","2,557,272",0,0,0,0,"3,943,167","10,539,823","3,035,124","7,504,699",0,0,0,"7,504,699","-702,362","3,627,697",0,"2,925,335","10,430,034","6,195,906","1,308,793",0,"9,027,678","1,402,356",0,0.82,"7,555,983",-,-,0.8,-,"13,105,429","20,024,777","8,033,804"
1102 亞泥,2023/09,3,Y,09,NTD,"60,239,086","52,098,598","8,140,488",0,"8,140,488","2,147,595",0,"-215,009",0,"5,992,893",-,"2,206,346","2,797,425","1,302,606","2,293,913",0,0,0,0,"5,995,078","11,987,971","2,184,902","9,803,069",0,0,0,"9,803,069","2,174,557","3,426,445",0,"5,601,002","15,404,071","9,557,190","245,879",0,"14,706,569","697,502",0,2.88,"3,318,469",0,-,2.88,-,"13,290,577","16,841,014","9,803,069"
1101 台泥,2023/06,2,Y,06,NTD,"53,964,171","45,509,992","8,454,179",0,"8,454,179","4,919,864","679,024",0,0,"3,534,315","1,595,980","2,897,087","273,133","1,672,670","2,230,881",0,0,0,0,"3,728,431","7,262,746","2,050,419","5,212,327",0,0,0,"5,212,327","-202,399","-3,867,567",0,"-4,069,966","1,142,361","4,949,062","263,265",0,"842,555","299,806",0,0.64,"7,136,475","350,000","4,737,157",0.63,"7,566,098","8,935,416","13,500,140","4,811,759"
1102 亞泥,2023/06,2,Y,06,NTD,"41,392,623","36,060,691","5,331,932",0,"5,331,932","1,203,781",0,"-343,185",0,"4,128,151","623,254","1,743,807","2,280,668","847,042","1,403,797",0,0,0,0,"4,581,230","8,709,381","1,545,419","7,163,962",0,0,0,"7,163,962","2,629,211","-1,987,455",0,"641,756","7,805,718","6,851,572","312,390",0,"8,003,676","-197,958",0,2.07,"3,313,597",0,"6,851,572",2.07,"3,316,627","9,556,423","11,915,091","5,384,023"
1101 台泥,2023/03,1,Y,03,NTD,"26,295,929","23,826,708","2,469,221",0,"2,469,221","2,303,154","331,351",0,0,"166,067","741,718","862,755","276,597","829,265","1,004,735",0,0,0,0,"1,314,822","1,480,889","475,245","1,005,644",0,0,0,"1,005,644","1,532,956","-32,187",0,"1,500,769","2,506,413","1,407,161","-401,517",0,"2,900,492","-394,079",0,0.2,"7,138,849",0,"1,476,208",0.2,"7,563,541","2,310,154","4,578,908","707,867"
1102 亞泥,2023/03,1,Y,03,NTD,"19,221,505","17,241,934","1,979,571",0,"1,979,571","520,464",0,"-223,358",0,"1,459,107","299,315","372,953","1,545,609","409,277","215,139",0,0,0,0,"1,724,424","3,183,531","416,452","2,767,079",0,0,0,"2,767,079","1,035,460","201,285",0,"1,236,745","4,003,824","2,687,792","79,287",0,"3,821,000","182,824",0,0.81,"3,313,255",0,"2,687,815",0.81,"3,317,025","3,592,808","4,782,956","1,882,256"
1101 台泥,2022/12,4,Y,12,NTD,"113,929,706","104,345,739","9,583,967",0,"9,583,967","8,421,829","675,823",0,0,"1,162,138","2,102,495","5,183,960","-749,969","2,869,888","3,919,856",0,0,0,0,"5,483,959","6,646,097","2,489,012","4,157,085",0,0,0,"4,157,085","-6,944,822","8,089,745",0,"1,144,923","5,302,008","5,404,984","-1,247,899",0,"6,253,579","-951,571",0,0.74,"6,835,603","350,000","5,285,142",0.73,"7,192,853","9,515,985","18,032,020","4,279,352"
1102 亞泥,2022/12,4,Y,12,NTD,"91,122,104","79,366,622","11,755,482",0,"11,755,482","3,184,209",0,"-140,185",0,"8,571,273","946,116","1,877,710","1,732,061","1,295,075","4,311,008",0,0,0,0,"6,625,704","15,196,977","2,599,841","12,597,136",0,0,0,"12,597,136","-226,767","4,644,649",0,"4,417,882","17,015,018","12,016,396","580,740",0,"16,002,287","1,012,731",0,3.63,"3,313,166",0,"12,016,759",3.62,"3,318,235","16,492,052","21,261,387","11,027,153"
1101 台泥,2022/09,3,Y,09,NTD,"79,274,330","74,872,991","4,401,339",0,"4,401,339","5,573,857","536,140",0,0,"-1,172,518","1,350,512","4,053,788","-505,871","1,998,010","2,463,295",0,0,0,0,"4,013,202","2,840,684","1,286,301","1,554,383",0,0,0,"1,554,383","-7,424,786","7,780,815",0,"356,029","1,910,412","2,917,831","-1,363,448",0,"3,129,262","-1,218,850",0,0.38,"6,730,077","350,000","2,567,831",0.38,"6,731,327","4,838,694","11,037,141","2,156,930"
1102 亞泥,2022/09,3,Y,09,NTD,"66,875,550","56,958,461","9,917,089",0,"9,917,089","2,420,468",0,"-122,663",0,"7,496,621","613,563","1,496,106","1,562,334","841,918","4,446,297",0,0,0,0,"6,662,819","14,159,440","2,200,293","11,959,147",0,0,0,"11,959,147","-861,467","6,817,075",0,"5,955,608","17,914,755","11,407,298","551,849",0,"16,616,521","1,298,234",0,3.44,"3,313,128",0,"11,407,634",3.44,"3,318,469","15,001,358","18,602,158","10,826,140"
1101 台泥,2022/06,2,Y,06,NTD,"48,151,294","45,932,917","2,218,377",0,"2,218,377","4,018,433","746,736",0,0,"-1,800,056","799,160","2,742,329","-484,499","1,185,382","1,464,969",0,0,0,0,"2,537,417","737,361","821,570","-84,209",0,0,0,"-84,209","-3,363,318","4,139,407",0,"776,089","691,880","1,408,190","-1,492,399",0,"2,174,449","-1,482,569",0,0.16,"6,729,025","350,000","1,058,190",0.16,"6,730,475","1,922,743","6,016,598","265,303"
1102 亞泥,2022/06,2,Y,06,NTD,"44,950,478","37,823,270","7,127,208",0,"7,127,208","1,631,851",0,"-72,275",0,"5,495,357","355,612","1,090,766","263,346","475,470","2,679,586",0,0,0,0,"3,558,228","9,053,585","1,608,927","7,444,658",0,0,0,"7,444,658","-492,605","3,819,862",0,"3,327,257","10,771,915","6,991,773","452,885",0,"9,837,930","933,985",0,2.11,"3,313,051",0,"6,992,052",2.11,"3,317,380","9,529,055","11,953,363","7,282,329"
1101 台泥,2022/03,1,Y,03,NTD,"22,973,461","20,886,629","2,086,832",0,"2,086,832","1,879,209","318,104",0,0,"207,623","372,039","858,838","8,613","525,210","622,247",0,0,0,0,"964,488","1,172,111","315,605","856,506",0,0,0,"856,506","633,543","8,610,782",0,"9,244,325","10,100,831","1,204,144","-347,638",0,"10,317,964","-217,133",0,0.2,"6,116,173",0,"1,204,144",0.2,"6,242,129","1,697,321","3,640,882","1,061,391"
1102 亞泥,2022/03,1,Y,03,NTD,"20,460,961","17,485,069","2,975,892",0,"2,975,892","511,629",0,"-230,156",0,"2,464,263","176,944","245,536","228,366","225,041","720,887",0,0,0,0,"969,748","3,434,011","717,167","2,716,844",0,0,0,"2,716,844","1,634,060","4,717,414",0,"6,351,474","9,068,318","2,533,389","183,455",0,"7,993,010","1,075,308",0,0.76,"3,312,925",0,"2,533,563",0.76,"3,317,515","3,659,052","4,866,204","2,535,396"
1101 台泥,2021/12,4,Y,12,NTD,"107,041,452","80,391,353","26,650,099",0,"26,650,099","6,863,624","357,552",0,0,"19,786,475","1,535,980","4,117,239","-304,916","1,670,463","4,149,749",0,0,0,0,"6,291,609","26,078,084","5,930,387","20,147,697","1,053,559",0,0,"21,201,256","-2,420,068","-6,646,065",0,"-9,066,133","12,135,123","20,256,366","944,890",0,"11,281,319","853,804",0,3.3,"6,034,789","350,000","19,973,782",3.27,"6,117,523","27,748,547","34,812,228","19,578,311"
1102 亞泥,2021/12,4,Y,12,NTD,"94,034,188","72,853,310","21,180,878",0,"21,180,878","3,494,661",0,"638,694",0,"17,686,217","807,847","1,482,367","-2,658,895","894,326","6,318,550",0,0,0,0,"4,247,696","21,933,913","4,406,143","17,527,770",0,0,0,"17,527,770","1,079,966","-1,476,516",0,"-396,550","17,131,220","15,068,221","2,459,549",0,"14,758,614","2,372,606",0,4.7,"3,203,972",0,"15,162,173",4.57,"3,315,103","22,828,239","27,758,277","17,961,642"
1101 台泥,2021/09,3,Y,09,NTD,"76,904,796","57,595,324","19,309,472",0,"19,309,472","4,202,060","58,118",0,0,"15,107,412","1,156,178","3,165,212","-216,119","1,205,082","2,494,138",0,0,0,0,"4,238,149","19,345,561","4,159,059","15,186,502","1,053,559",0,0,"16,240,061","-707,374","-4,344,291",0,"-5,051,665","11,188,396","14,836,550","1,403,511",0,"9,804,607","1,383,789",0,2.41,"6,007,803","350,000","14,553,836",2.38,"6,116,228","20,550,643","26,002,951","14,809,240"
1102 亞泥,2021/09,3,Y,09,NTD,"66,190,204","51,152,128","15,038,076",0,"15,038,076","2,505,236",0,"152,985",0,"12,532,840","668,976","1,290,406","-1,246,139","672,547","4,476,836",0,0,0,0,"3,848,556","16,381,396","3,383,892","12,997,504",0,0,0,"12,997,504","370,115","-2,246,631",0,"-1,876,516","11,120,988","11,070,037","1,927,467",0,"9,559,726","1,561,262",0,3.5,"3,167,236",0,"11,163,884",3.37,"3,313,026","17,053,943","20,719,439","13,487,683"
1101 台泥,2021/06,2,Y,06,NTD,"50,023,364","35,889,688","14,133,676",0,"14,133,676","2,882,291",0,0,0,"11,251,385","766,934","2,469,951","76,512","793,858","1,649,791",0,0,0,0,"3,402,396","14,653,781","3,168,332","11,485,449","517,728",0,0,"12,003,177","-2,568,673","-4,578,095",0,"-7,146,768","4,856,409","10,852,066","1,151,111",0,"3,713,523","1,142,886",0,1.82,"5,954,339",0,"10,919,070",1.79,"6,116,248","15,447,639","18,924,350","11,039,949"
1102 亞泥,2021/06,2,Y,06,NTD,"42,796,429","32,225,928","10,570,501",0,"10,570,501","1,540,062",0,"135,748",0,"9,030,439","393,752","955,122","-889,430","401,224","2,853,549",0,0,0,0,"2,518,017","11,548,456","2,333,184","9,215,272",0,0,0,"9,215,272","375,419","-1,829,865",0,"-1,454,446","7,760,826","7,715,094","1,500,178",0,"6,536,102","1,224,724",0,2.46,"3,131,298",0,"7,792,142",2.35,"3,311,289","11,949,680","14,393,549","9,548,708"
1101 台泥,2021/03,1,Y,03,NTD,"22,037,652","16,512,812","5,524,840",0,"5,524,840","1,317,264",0,0,0,"4,207,576","354,116","489,550","-138,757","417,888","714,592",0,0,0,0,"647,497","4,855,073","1,113,682","3,741,391","-11,154",0,0,"3,730,237","943,631","-1,636,655",0,"-693,024","3,037,213","3,318,974","411,263",0,"2,621,147","416,066",0,0.57,"5,849,567",0,"3,367,646",0.55,"6,116,536","5,272,961","7,094,985","3,751,093"
1102 亞泥,2021/03,1,Y,03,NTD,"18,903,823","14,543,635","4,360,188",0,"4,360,188","637,168",0,"-37,285",0,"3,723,020","186,605","364,799","264,843","199,008","590,229",0,0,0,0,"1,020,863","4,743,883","894,641","3,849,242",0,0,0,"3,849,242","302,892","-556,313",0,"-253,421","3,595,821","3,200,039","649,203",0,"3,059,849","535,972",0,1.02,"3,129,007",0,"3,207,884",0.97,"3,312,139","4,942,891","6,172,160","3,409,212"
1101 台泥,2020/12,4,Y,12,NTD,"114,367,247","76,779,667","37,587,580",0,"37,587,580","6,245,763","29,046",0,0,"31,341,817","1,363,489","3,429,417","-631,963","1,986,208","3,200,243",0,0,0,0,"4,011,489","35,353,306","7,361,913","27,991,393",0,0,0,"27,991,393","-4,614,203","2,118,705",0,"-2,495,498","25,495,895","25,099,309","2,892,084",0,"22,708,608","2,787,287",0,4.32,"5,735,314","350,000","25,027,103",4.09,"6,117,882","37,339,514","44,604,597","28,194,434"
1102 亞泥,2020/12,4,Y,12,NTD,"79,939,010","56,609,534","23,329,476",0,"23,329,476","3,659,338",0,"543,918",0,"19,670,138","1,085,263","2,084,819","-1,086,933","1,163,645","4,639,504",0,0,0,0,"4,473,745","24,143,883","5,370,076","18,773,807",0,0,0,"18,773,807","-1,296,527","107,196",0,"-1,189,331","17,584,476","14,710,486","4,063,321",0,"13,255,580","4,328,896",0,4.7,"3,129,384",0,"14,621,682",4.41,"3,313,723","25,307,528","30,255,079","18,849,027"
1101 台泥,2020/09,3,Y,09,NTD,"82,248,488","55,034,502","27,213,986",0,"27,213,986","4,377,170","20,648",0,0,"22,836,816","993,550","2,986,481","-225,240","1,513,668","2,133,067",0,0,0,0,"3,380,640","26,217,456","5,511,154","20,706,302",0,0,0,"20,706,302","-2,633,756","-1,686,004",0,"-4,319,760","16,386,542","18,407,237","2,299,065",0,"14,212,926","2,173,616",0,3.15,"5,729,368","350,000","18,268,450",2.99,"6,117,425","27,731,124","33,115,235","20,819,005"
1102 亞泥,2020/09,3,Y,09,NTD,"55,805,195","40,027,442","15,777,753",0,"15,777,753","2,700,577",0,"357,689",0,"13,077,176","871,620","1,662,268","-521,886","945,378","3,590,156",0,0,0,0,"3,785,160","16,862,336","3,874,737","12,987,599",0,0,0,"12,987,599","-2,702,611","-1,298,535",0,"-4,001,146","8,986,453","10,340,758","2,646,841",0,"6,490,948","2,495,505",0,3.3,"3,129,531",0,"10,253,461",3.09,"3,313,156","17,807,714","21,492,280","13,009,345"
1101 台泥,2020/06,2,Y,06,NTD,"52,439,827","35,779,548","16,660,279",0,"16,660,279","2,875,517","11,102",0,0,"13,784,762","667,567","1,850,145","-143,423","1,040,515","1,088,621",0,0,0,0,"1,754,828","15,539,590","3,413,905","12,125,685",0,0,0,"12,125,685","-2,976,079","-4,573,417",0,"-7,549,496","4,576,189","10,934,623","1,191,062",0,"3,509,985","1,066,204",0,1.94,"5,456,619","350,000","10,725,635",1.85,"5,806,888","16,580,105","20,161,322","12,228,530"
1102 亞泥,2020/06,2,Y,06,NTD,"34,201,908","24,826,905","9,375,003",0,"9,375,003","1,942,527",0,"239,828",0,"7,432,476","608,295","1,097,918","-542,612","694,620","1,991,426",0,0,0,0,"1,852,112","9,284,588","2,450,770","6,833,818",0,0,0,"6,833,818","-2,371,255","-2,657,904",0,"-5,029,159","1,804,659","5,411,178","1,422,640",0,"909,615","895,044",0,1.73,"3,129,621",0,"5,411,921",1.64,"3,300,810","9,979,208","12,407,435","7,126,288"
1101 台泥,2020/03,1,Y,03,NTD,"21,976,200","16,195,489","5,780,711",0,"5,780,711","1,320,557","3,374",0,0,"4,460,154","294,427","519,309","-37,753","526,077","318,243",0,0,0,0,"273,722","4,733,876","1,252,757","3,481,119",0,0,0,"3,481,119","-1,752,978","-2,851,885",0,"-4,604,863","-1,123,744","2,999,822","481,297",0,"-1,489,310","365,566",0,0.55,"5,457,619",0,"3,070,328",0.53,"5,808,333","5,259,953","7,058,766","3,544,724"
1102 亞泥,2020/03,1,Y,03,NTD,"13,382,242","10,684,300","2,697,942",0,"2,697,942","676,303",0,"-2,991",0,"2,021,639","293,871","345,107","-581,646","375,063","158,251",0,0,0,0,"-453,351","1,568,288","437,689","1,130,599",0,0,0,"1,130,599","-4,107,275","-639,607",0,"-4,746,882","-3,616,283","743,772","386,827",0,"-3,864,421","248,138",0,0.24,"3,130,220",0,"743,772",0.24,"3,136,644","1,943,351","3,171,262","1,732,059"
1101 台泥,2019/12,4,Y,12,NTD,"122,783,014","86,872,759","35,910,255",0,"35,910,255","5,753,534","40,748",0,0,"30,156,721","815,805","3,339,482","-1,173,054","2,199,118","2,509,388",0,0,0,0,"2,476,698","32,633,419","7,178,329","25,455,090",0,0,0,"25,455,090","11,694,513","-6,669,754",0,"5,024,759","30,479,849","24,211,081","1,244,009",0,"29,178,084","1,301,765",0,4.43,"5,461,212","18,219","24,420,432",4.25,"5,744,895","34,832,537","42,172,302","26,211,318"
1102 亞泥,2019/12,4,Y,12,NTD,"94,999,021","69,398,312","25,600,709","-14,392","25,586,317","3,523,141",0,"191,031",0,"22,063,176","1,126,001","1,998,600","661,654","1,820,623","5,490,375",0,0,0,0,"6,330,006","28,393,182","6,149,229","22,243,953",0,0,0,"22,243,953","3,458,255","-4,075,559",0,"-617,304","21,626,649","17,459,673","4,784,280",0,"17,652,536","3,974,113",0,5.56,"3,138,664",0,"17,404,300",5.25,"3,312,321","30,213,805","36,333,948","20,920,406"
1101 台泥,2019/09,3,Y,09,NTD,"87,561,878","62,031,223","25,530,655",0,"25,530,655","4,636,313","31,083",0,0,"20,894,342","633,818","2,942,530","-120,723","1,658,926","1,802,135",0,0,0,0,"2,965,016","23,859,358","4,954,162","18,905,196",0,0,0,"18,905,196","6,202,646","-4,966,841",0,"1,235,805","20,141,001","17,719,524","1,185,672",0,"18,901,686","1,239,315",0,3.24,"5,462,410","18,219","17,858,329",3.12,"5,723,302","25,518,284","31,036,532","18,760,064"
1102 亞泥,2019/09,3,Y,09,NTD,"71,538,843","52,433,995","19,104,848",-9,"19,104,839","2,904,619",0,"321,822",0,"16,200,220","823,107","1,594,938","795,010","1,427,455","4,360,814",0,0,0,0,"5,323,307","21,523,527","4,586,989","16,936,538",0,0,0,"16,936,538","2,533,987","-1,611,707",0,"922,280","17,858,818","13,458,582","3,477,956",0,"14,782,959","3,075,859",0,4.29,"3,139,295",0,"13,568,946",4.1,"3,312,856","22,950,982","26,633,243","16,046,092"
1101 台泥,2019/06,2,Y,06,NTD,"56,723,486","40,912,170","15,811,316",0,"15,811,316","3,033,883","20,892",0,0,"12,777,433","388,385","1,899,149","164,743","1,086,885","1,184,007",0,0,0,0,"2,161,014","14,938,447","3,077,661","11,860,786",0,0,0,"11,860,786","7,176,256","1,276,338",0,"8,452,594","20,313,380","11,181,977","678,809",0,"19,541,962","771,418",0,2.19,"5,107,247","18,219","11,250,235",2.12,"5,294,538","16,025,332","19,577,858","11,562,385"
1102 亞泥,2019/06,2,Y,06,NTD,"45,854,069","33,119,357","12,734,712",0,"12,734,712","1,866,120",0,"25,321",0,"10,868,592","516,709","1,171,625","1,222,238","976,004","2,380,368",0,0,0,0,"3,798,227","14,666,819","3,231,878","11,434,941",0,0,0,"11,434,941","2,563,993","835,955",0,"3,399,948","14,834,889","9,119,017","2,315,924",0,"12,398,491","2,436,398",0,2.91,"3,139,046",0,"9,064,571",2.74,"3,302,241","15,642,823","18,115,473","10,184,642"
1101 台泥,2019/03,1,Y,03,NTD,"25,356,328","18,868,464","6,487,864",0,"6,487,864","1,454,902","10,937",0,0,"5,032,962","184,613","594,045","64,218","535,879","448,149",0,0,0,0,"570,533","5,603,495","1,373,525","4,229,970",0,0,0,"4,229,970","5,997,510","2,602,617",0,"8,600,127","12,830,097","3,951,920","278,050",0,"12,470,174","359,923",0,0.77,"5,107,990",0,"3,967,850",0.77,"5,180,266","6,139,374","7,893,204","4,031,547"
1102 亞泥,2019/03,1,Y,03,NTD,"19,676,960","15,018,459","4,658,501",0,"4,658,501","880,765",0,"7,005",0,"3,777,736","213,436","326,943","779,157","475,195","334,770",0,0,0,0,"965,675","4,743,411","933,325","3,810,086",0,0,0,"3,810,086","1,375,488","1,797,632",0,"3,173,120","6,983,206","2,929,272","880,814",0,"5,724,687","1,258,519",0,0.93,"3,139,063",0,"2,929,028",0.89,"3,303,266","5,218,606","6,457,781","3,012,757"
1101 台泥,2018/12,4,Y,12,NTD,"124,594,602","91,003,063","33,591,539",0,"33,591,539","5,410,638","23,666",0,0,"28,180,901","584,482","2,795,272","-234,863","2,460,302","2,263,413",0,0,0,0,"2,363,520","30,544,421","7,900,350","22,644,071",0,0,0,"22,644,071","1,319,751","-4,256,427",0,"-2,936,676","19,707,395","21,180,821","1,463,250",0,"18,245,179","1,462,216",0,4.37,"4,849,335",0,"21,180,821",4.37,"4,851,464","33,004,723","39,521,444","22,753,293"
1102 亞泥,2018/12,4,Y,12,NTD,"85,624,732","64,468,418","21,156,314","15,147","21,171,461","3,018,351",0,"142,553",0,"18,153,110","370,571","1,479,803","-1,733,766","1,673,185","4,144,156",0,0,0,0,"2,217,008","20,370,118","5,480,921","14,889,197",0,0,0,"14,889,197","1,696,635","-260,462",0,"1,436,173","16,325,370","11,117,094","3,772,103",0,"12,811,353","3,514,017",0,3.54,"3,139,152",0,"11,143,732",3.49,"3,192,393","22,043,303","26,962,495","15,923,255"
1101 台泥,2018/09,3,Y,09,NTD,"89,657,354","64,992,780","24,664,574",0,"24,664,574","3,688,295","24,770",0,0,"20,976,279","364,654","2,211,429","-248,442","1,827,585","1,663,716",0,0,0,0,"1,799,118","22,775,397","5,740,441","17,034,956",0,0,0,"17,034,956","7,202,721","-4,741,147",0,"2,461,574","19,496,530","15,943,568","1,091,388",0,"18,332,102","1,164,428",0,3.35,"4,763,115",0,"15,943,568",3.35,"4,764,376","24,602,982","29,520,007","17,018,463"
1102 亞泥,2018/09,3,Y,09,NTD,"63,308,587","48,381,284","14,927,303",669,"14,927,972","2,568,089",0,"377,260",0,"12,359,883","193,838","991,283","-345,522","1,187,739","3,434,164",0,0,0,0,"2,892,186","15,252,069","3,350,085","11,901,984",0,0,0,"11,901,984","4,441,551","-1,004,383",0,"3,437,168","15,339,152","9,298,368","2,603,616",0,"13,134,649","2,204,503",0,2.96,"3,139,159",0,"9,311,387",2.95,"3,154,370","16,439,808","20,126,428","11,624,250"
1101 台泥,2018/06,2,Y,06,NTD,"57,500,246","41,440,890","16,059,356",0,"16,059,356","2,429,709","16,501",0,0,"13,629,647","181,574","1,277,570","-386,241","1,155,023","1,074,248",0,0,0,0,"810,554","14,440,201","3,863,896","10,576,305",0,0,0,"10,576,305","5,953,065","389,252",0,"6,342,317","16,918,622","10,009,630","566,675",0,"16,290,317","628,305",0,2.14,"4,666,560",0,"10,009,630",2.14,"4,667,617","15,595,224","18,876,440","10,657,096"
1102 亞泥,2018/06,2,Y,06,NTD,"41,026,147","31,696,591","9,329,556",518,"9,330,074","1,605,059",0,"151,651",0,"7,725,015","115,409","803,183","-183,527","798,274","2,292,661",0,0,0,0,"2,114,043","9,839,058","2,058,123","7,780,935",0,0,0,"7,780,935","2,970,726","1,141,264",0,"4,111,990","11,892,925","6,226,635","1,554,300",0,"10,178,898","1,714,027",0,1.98,"3,139,173",0,"6,227,142",1.98,"3,149,296","10,637,332","13,099,915","7,472,786"
1101 台泥,2018/03,1,Y,03,NTD,"24,179,214","18,388,574","5,790,640",0,"5,790,640","1,139,949","8,382",0,0,"4,650,691","77,738","154,847","-63,762","538,695","414,507",0,0,0,0,"-33,103","4,617,588","1,752,218","2,865,370",0,0,0,"2,865,370","2,943,390","2,567,688",0,"5,511,078","8,376,448","2,945,170","-79,800",0,"8,436,811","-60,363",0,0.69,"4,244,509",0,"2,945,170",0.69,"4,245,529","5,156,283","6,789,242","2,862,381"
1102 亞泥,2018/03,1,Y,03,NTD,"17,832,747","14,503,274","3,329,473",260,"3,329,733","656,029",0,"7,927",0,"2,673,704","52,113","192,063","-135,909","408,162","729,133",0,0,0,0,"377,125","3,050,829","635,482","2,415,347",0,0,0,"2,415,347","-1,452,814","367,492",0,"-1,085,322","1,330,025","1,897,059","518,288",0,"598,981","731,044",0,0.6,"3,139,175",0,"1,897,384",0.6,"3,147,930","3,458,991","4,700,543","2,274,874"
1101 台泥,2017/12,4,Y,12,NTD,"98,311,776","79,398,862","18,912,914",0,"18,912,914","4,950,029","32,399",-,0,"13,962,885","244,041","1,671,651","-1,157,679","1,923,309","1,271,111",-,-,-,0,"-138,226","13,824,659","3,501,859","10,322,800",0,0,0,"10,322,800","13,597","9,963,175",0,"9,976,772","20,299,572","7,594,247","2,728,553",0,"17,775,812","2,523,760",0,2.03,"3,738,370",0,"7,594,247",2.03,"3,739,270","15,747,968","22,211,761","10,983,992"
1102 亞泥,2017/12,4,Y,12,NTD,"69,700,034","59,529,016","10,171,018",-540,"10,170,478","2,733,762",0,-,0,"7,436,716","179,840","1,040,658","-728,230","1,772,075","2,522,090",-,-,-,0,"1,062,443","8,499,159","1,833,618","6,665,541",0,0,0,"6,665,541","251,261","1,868,278",0,"2,119,539","8,785,080","5,469,007","1,196,534",0,"7,895,746","889,334",0,1.74,"3,139,297",0,"5,470,384",1.74,"3,147,654","10,271,234","15,448,825","6,581,964"
1101 台泥,2017/09,3,Y,09,NTD,"68,952,108","56,428,105","12,524,003",0,"12,524,003","3,275,832","24,465",-,0,"9,248,171","171,328","1,219,281","-816,701","1,420,845","996,650",-,-,-,0,"-21,615","9,226,556","2,305,015","6,921,541",0,0,0,"6,921,541",0,"6,197,551",0,"6,197,551","13,119,092","4,948,812","1,972,729",0,"10,806,091","2,313,001",0,1.34,"3,692,176",0,"4,948,812",1.34,"3,693,370","10,647,401","15,479,083","7,046,472"
1102 亞泥,2017/09,3,Y,09,NTD,"48,893,152","42,931,489","5,961,663",-822,"5,960,841","1,763,462",0,-,0,"4,197,379","125,244","886,320","-385,362","1,356,221","1,886,922",-,-,-,0,"1,031,659","5,229,038","899,586","4,329,452",0,0,0,"4,329,452",0,"2,605,057",0,"2,605,057","6,934,509","3,777,548","551,904",0,"6,660,987","273,522",0,1.2,"3,139,700",0,"3,778,579",1.2,"3,147,053","6,585,259","10,303,684","4,140,620"
1101 台泥,2017/06,2,Y,06,NTD,"45,893,851","37,627,091","8,266,760",0,"8,266,760","2,264,438","16,587",-,0,"6,002,322","112,498","601,422","-572,315","943,342","666,243",-,-,-,0,"-247,992","5,754,330","1,519,839","4,234,491",0,0,0,"4,234,491",0,"1,270,801",0,"1,270,801","5,505,292","2,981,955","1,252,536",0,"4,757,813","747,479",0,0.81,"3,692,176",0,"2,981,955",0.81,"3,693,173","6,697,672","9,907,167","4,342,214"
1102 亞泥,2017/06,2,Y,06,NTD,"29,824,050","26,346,094","3,477,956",-822,"3,477,134","1,104,267",0,-,0,"2,372,867","83,853","690,217","-323,996","951,510","802,213",-,-,-,0,"216,924","2,589,791","494,846","2,094,945",0,0,0,"2,094,945",0,"-1,569,301",0,"-1,569,301","525,644","1,852,449","242,496",0,"764,678","-239,034",0,0.59,"3,139,700",0,"1,853,135",0.59,"3,145,832","3,541,301","6,066,030","1,943,331"
1101 台泥,2017/03,1,Y,03,NTD,"21,179,771","18,181,041","2,998,730",0,"2,998,730","1,057,100","8,385",-,0,"1,941,630","53,090","95,348","-135,693","493,775","267,764",-,-,-,0,"-266,356","1,675,274","511,566","1,163,708",0,0,0,"1,163,708",0,"-1,012,058",0,"-1,012,058","151,650","832,244","331,464",0,"993,546","-841,896",0,0.23,"3,692,176",0,"832,244",0.23,"3,693,292","2,169,049","3,796,217","1,273,197"
1102 亞泥,2017/03,1,Y,03,NTD,"12,970,961","12,037,892","933,069",-859,"932,210","489,990",0,-,0,"442,220","39,141","221,264","-340,203","525,585","322,985",-,-,-,0,"-321,539","120,681","-25,112","145,793",0,0,0,"145,793",0,"-2,431,094",0,"-2,431,094","-2,285,301","236,681","-90,888",0,"-1,438,230","-847,071",0,0.08,"3,139,700",0,"236,681",0.08,"3,142,581","646,266","1,915,612","66,528"
1101 台泥,2016/12,4,Y,12,NTD,"89,564,306","71,583,302","17,981,004",0,"17,981,004","4,946,868","20,618",-,0,"13,034,136","267,182","1,636,734","-2,218,307","1,916,837","979,609",-,-,-,0,"-1,518,801","11,515,335","2,673,260","8,842,075",0,0,0,"8,842,075","313,664","-7,301,378",0,"-6,987,714","1,854,361","6,358,452","2,483,623",0,"2,411,113","-556,752",0,1.72,"3,692,176",0,"6,358,452",1.72,"3,693,467","13,432,172","20,422,719","9,636,065"
1102 亞泥,2016/12,4,Y,12,NTD,"60,946,190","52,358,957","8,587,233","1,041","8,588,274","2,355,226",-,-,0,"6,233,048","207,661","1,058,684","-526,644","1,638,218","1,349,719",-,-,-,0,"243,541","6,476,589","1,793,292","4,683,297",0,0,0,"4,683,297","-199,946","-14,488,450",0,"-14,688,396","-10,005,099","3,945,769","737,528",0,"-9,550,011","-455,088",0,1.26,"3,139,998",0,"4,052,513",1.24,"3,265,993","8,114,807","13,558,345","4,397,756"
1101 台泥,2016/09,3,Y,09,NTD,"63,016,298","51,410,157","11,606,141",0,"11,606,141","3,571,054","15,976",-,0,"8,035,087","223,690","1,343,579","-826,041","1,440,271","658,759",-,-,-,0,"-263,974","7,771,113","1,684,433","6,086,680",0,0,0,"6,086,680",0,"-6,169,989",0,"-6,169,989","-83,309","4,546,032","1,540,648",0,"819,090","-902,399",0,1.23,"3,692,176",0,"4,546,032",1.23,"3,696,914","9,211,384","14,529,670","6,046,854"
1102 亞泥,2016/09,3,Y,09,NTD,"44,104,283","38,442,512","5,661,771",680,"5,662,451","1,623,845",-,-,0,"4,038,606","154,054","815,211","-982,182","1,199,398","652,375",-,-,-,0,"-713,994","3,324,612","622,632","2,701,980",0,0,0,"2,701,980",0,"-14,048,462",0,"-14,048,462","-11,346,482","2,341,615","360,365",0,"-10,648,901","-697,581",0,0.75,"3,140,098",0,"2,378,028",0.74,"3,227,678","4,524,010","8,733,709","2,692,634"
1101 台泥,2016/06,2,Y,06,NTD,"40,666,259","34,019,366","6,646,893",0,"6,646,893","2,392,341","10,199",-,0,"4,254,552","147,960","754,129","-664,687","970,881","372,932",-,-,-,0,"-508,507","3,746,045","942,586","2,803,459",0,0,0,"2,803,459",0,"-4,301,574",0,"-4,301,574","-1,498,115","2,224,740","578,719",0,"-797,987","-700,128",0,0.6,"3,692,176",0,"2,224,740",0.6,"3,694,472","4,716,926","8,320,549","2,772,342"
1102 亞泥,2016/06,2,Y,06,NTD,"29,067,245","25,476,723","3,590,522",650,"3,591,172","1,032,496",-,-,0,"2,558,676","120,721","722,475","-796,981","815,760","277,696",-,-,-,0,"-612,570","1,946,106","414,289","1,531,817",0,0,0,"1,531,817",0,"-11,526,215",0,"-11,526,215","-9,994,398","1,405,031","126,786",0,"-9,565,619","-428,779",0,0.45,"3,140,299",0,"1,441,104",0.44,"3,264,030","2,761,866","5,535,093","1,538,977"
1101 台泥,2016/03,1,Y,03,NTD,"17,724,112","16,138,503","1,585,609",0,"1,585,609","1,101,720","5,503",-,0,"483,889","78,488","216,695","-66,941","504,825","149,029",-,-,-,0,"-206,042","277,847","183,320","94,527",0,0,0,"94,527",0,"-828,511",0,"-828,511","-733,984","220,995","-126,468",0,"-333,525","-400,459",0,0.06,"3,692,176",0,"220,995",0.06,"3,693,382","782,672","2,612,921","94,387"
1102 亞泥,2016/03,1,Y,03,NTD,"13,038,960","12,040,729","998,231",201,"998,432","407,854",-,-,0,"590,578","67,983","190,869","-24,603","418,599","-55,695",-,-,-,0,"-308,028","282,550","88,091","194,459",0,0,0,"194,459",0,"-8,936,360",0,"-8,936,360","-8,741,901","199,130","-4,671",0,"-8,505,796","-236,105",0,0.06,"3,140,528",0,"199,130",0.06,"3,144,831","701,149","2,098,106","225,675"
1101 台泥,2015/12,4,Y,12,NTD,"93,679,076","79,151,059","14,528,017",0,"14,528,017","4,854,318","6,895",-,0,"9,673,699","430,757","2,025,001","-1,896,107","1,873,739","737,161",-,-,-,0,"-1,007,684","8,666,015","1,740,389","6,925,626",0,0,0,"6,925,626","-543,370","-6,974,674",0,"-7,518,044","-592,418","5,775,989","1,149,637",0,"-806,454","214,036",0,1.56,"3,692,176",0,"5,775,989",1.56,"3,694,005","10,539,754","17,958,912","6,803,992"
1102 亞泥,2015/12,4,Y,12,NTD,"66,287,480","59,228,641","7,058,839",-92,"7,058,747","3,018,802",-,-,0,"4,039,945","397,031","1,502,671","-66,725","1,647,870","2,986,137",-,-,-,0,"2,774,213","6,814,158","1,879,675","4,934,483",0,0,0,"4,934,483","-754,101","-3,106,428",0,"-3,860,529","1,073,954","4,860,241","74,242",0,"1,343,662","-269,708",0,1.55,"3,141,845",0,"4,554,455",1.32,"3,451,696","8,462,028","14,104,379","2,609,207"
1101 台泥,2015/09,3,Y,09,NTD,"69,118,302","59,033,946","10,084,356",0,"10,084,356","3,476,740","21,394",-,0,"6,607,616","325,186","1,492,197","-1,464,077","1,383,484","631,435",-,-,-,0,"-723,929","5,883,687","1,191,897","4,691,790",0,0,0,"4,691,790",0,"-3,201,731",0,"-3,201,731","1,490,059","4,000,652","691,138",0,"605,877","884,182",0,1.08,"3,692,176",0,"4,000,652",1.08,"3,695,219","7,267,171","12,786,973","4,689,034"
1102 亞泥,2015/09,3,Y,09,NTD,"49,113,910","44,182,685","4,931,225",-418,"4,930,807","2,076,259",-,-,0,"2,854,548","300,141","1,165,365","-105,774","1,243,021","2,417,969",-,-,-,0,"2,234,539","5,089,087","682,533","4,406,554",0,0,0,"4,406,554","-21,982","2,350,887",0,"2,328,905","6,735,459","4,421,041","-14,487",0,"6,774,072","-38,613",0,1.41,"3,141,943",0,"4,075,477",1.18,"3,453,413","6,332,108","10,657,076","2,828,269"
1101 台泥,2015/06,2,Y,06,NTD,"46,434,327","39,655,906","6,778,421",0,"6,778,421","2,167,282","10,907",-,0,"4,611,139","215,208","874,100","-281,991","900,633","409,761",-,-,-,0,"101,237","4,712,376","1,010,013","3,702,363",0,0,0,"3,702,363",0,"-2,911,615",0,"-2,911,615","790,748","3,051,907","650,456",0,"861,165","-70,417",0,0.83,"3,692,176",0,"3,051,907",0.83,"3,694,871","5,613,009","9,197,420","3,701,246"
1102 亞泥,2015/06,2,Y,06,NTD,"32,252,761","28,822,804","3,429,957",-822,"3,429,135","1,428,418",-,-,0,"2,000,717","218,501","880,016","1,033,120","826,712","2,039,067",-,-,-,0,"3,125,491","5,126,208","549,957","4,576,251",0,0,0,"4,576,251","-21,982","693,178",0,"671,196","5,247,447","4,356,999","219,252",0,"5,420,782","-173,335",0,1.39,"3,141,943",0,"4,135,232",1.38,"3,308,583","5,952,920","8,835,701","3,640,822"
1101 台泥,2015/03,1,Y,03,NTD,"21,440,142","18,579,134","2,861,008",0,"2,861,008","1,167,500","6,399",-,0,"1,693,508","126,367","222,164","-144,549","482,383","181,127",-,-,-,0,"-223,641","1,469,867","495,349","974,518",0,0,0,"974,518",0,"-772,223",0,"-772,223","202,295","808,778","165,740",0,"349,121","-146,826",0,0.22,"3,692,176",0,"808,778",0.22,"3,694,012","1,952,250","3,756,369","974,518"
1102 亞泥,2015/03,1,Y,03,NTD,"15,362,530","13,729,956","1,632,574","-1,263","1,631,311","593,936",-,-,0,"1,037,375","99,019","179,735","79,844","412,287","960,033",-,-,-,0,"807,325","1,844,700","302,412","1,542,288",0,0,0,"1,542,288","-21,965","3,949,261",0,"3,927,296","5,469,584","1,468,473","73,815",0,"5,633,392","-163,808",0,0.47,"3,141,942",0,"1,517,583",0.44,"3,432,046","2,256,987","3,713,197","1,392,126"
1101 台泥,2014/12,4,Y,12,NTD,"118,325,809","93,453,214","24,872,595",0,"24,872,595","5,014,926","38,678",-,0,"19,857,669","309,383","2,238,679","-240,501","1,907,215","1,250,088",-,-,-,0,"1,341,051","21,198,720","4,614,844","16,583,876",0,0,0,"16,583,876","-77,036","3,302,687",0,"3,225,651","19,809,527","10,828,868","5,755,008",0,"13,340,699","6,468,828",0,2.93,"3,692,176",0,"10,828,868",2.93,"3,694,192","23,105,935","29,782,835","16,420,654"
1102 亞泥,2014/12,4,Y,12,NTD,"77,683,281","66,553,091","11,130,190",-586,"11,129,604","2,881,200",-,-,0,"8,248,404","477,369","1,579,088","1,209,572","1,667,598","4,350,273",-,-,-,0,"5,471,335","13,719,739","2,813,741","10,905,998",0,0,0,"10,905,998","181,470","4,645,823",0,"4,827,293","15,733,291","9,361,635","1,544,363",0,"13,273,390","2,459,901",0,2.98,"3,142,158",0,"9,095,181",2.65,"3,434,183","15,387,337","21,329,234","8,399,005"
1101 台泥,2014/09,3,Y,09,NTD,"88,684,641","70,005,452","18,679,189",0,"18,679,189","3,512,484","29,421",-,0,"15,166,705","204,319","1,441,947","-244,964","1,427,905","997,683",-,-,-,0,"766,761","15,933,466","3,379,050","12,554,416",0,0,0,"12,554,416",0,"-1,382,892",0,"-1,382,892","11,171,524","8,244,719","4,309,697",0,"6,881,333","4,290,191",0,2.23,"3,692,176",0,"8,244,719",2.23,"3,693,555","17,361,371","22,368,798","12,418,692"
1102 亞泥,2014/09,3,Y,09,NTD,"57,234,891","49,338,081","7,896,810",-667,"7,896,143","2,005,522",-,-,0,"5,890,621","395,171","1,277,306","83,873","1,246,132","3,608,646",-,-,-,0,"3,723,693","9,614,314","1,375,043","8,239,271",0,0,0,"8,239,271","233,973","-1,998,267",0,"-1,764,294","6,474,977","7,198,698","1,040,573",0,"5,247,993","1,226,984",0,2.29,"3,143,142",0,"7,295,137",2.12,"3,433,982","10,860,446","15,039,844","7,213,363"
1101 台泥,2014/06,2,Y,06,NTD,"58,589,686","46,584,312","12,005,374",0,"12,005,374","2,382,833","19,258",-,0,"9,622,541","127,643","704,980","-175,085","952,623","637,230",-,-,-,0,"214,502","9,837,043","2,217,113","7,619,930",0,0,0,"7,619,930",0,"-2,554,883",0,"-2,554,883","5,065,047","5,028,885","2,591,045",0,"3,260,281","1,804,766",0,1.36,"3,692,176",0,"5,028,885",1.36,"3,694,001","10,789,666","14,124,628","7,484,554"
1102 亞泥,2014/06,2,Y,06,NTD,"37,450,912","31,932,192","5,518,720",-803,"5,517,917","1,364,110",-,-,0,"4,153,807","274,778","970,629","63,519","811,079","2,519,030",-,-,-,0,"2,742,099","6,895,906","1,017,234","5,878,672",0,0,0,"5,878,672","122,052","-3,265,756",0,"-3,143,704","2,734,968","5,174,629","704,043",0,"2,120,997","613,971",0,1.68,"3,081,638",0,"5,235,226",1.56,"3,356,350","7,706,985","10,265,445","5,614,684"
1101 台泥,2014/03,1,Y,03,NTD,"26,716,227","21,852,093","4,864,134",0,"4,864,134","1,179,910","10,271",-,0,"3,684,224","56,227","230,723","-153,767","482,195","271,861",-,-,-,0,"-133,378","3,550,846","759,611","2,791,235",0,0,0,"2,791,235","17,020","1,824,772",-,"1,841,792","4,633,027","1,833,139","958,096",0,"4,015,175","617,852",0,0.5,"3,692,176",0,"1,833,139",0.5,"3,693,931","4,033,041","5,708,941","2,653,386"
1102 亞泥,2014/03,1,Y,03,NTD,"16,256,080","14,017,994","2,238,086",-358,"2,237,728","600,109",-,-,0,"1,637,619","129,874","242,432","-523,400","385,203","1,042,631",-,-,-,0,"376,460","2,014,079","330,848","1,683,231",0,0,0,"1,683,231","-218,030","-144,899",-,"-362,929","1,320,302","1,439,813","243,418",0,"873,472","446,830",0,0.47,"3,081,677",0,"1,354,610",0.4,"3,357,522","2,399,282","3,639,866","1,257,541"
1101 台泥,2013/12,4,Y,12,NTD,"116,098,947","93,275,950","22,822,997",0,"22,822,997","5,047,022","43,663",-,0,"17,775,975","198,029","1,973,476","179,755","1,910,300","585,550",-,-,-,0,"828,481","18,604,456","3,485,773","15,118,683",0,0,0,"15,118,683","685,361","5,436,521",-,"6,121,882","21,240,565","10,026,731","5,091,952",0,"14,336,481","6,904,084",0,2.72,"3,692,176",0,"10,026,731",2.71,"3,694,120","20,514,756","27,688,979","14,713,470"
1102 亞泥,2013/12,4,Y,12,NTD,"70,172,781","61,130,154","9,042,627",-32,"9,042,595","2,370,095",-,-,0,"6,672,500","727,788","2,324,762","1,508,123","1,640,204","5,217,067",-,-,-,0,"7,409,748","14,082,248","1,917,929","12,164,319",0,0,0,"12,164,319","822,746","1,518,099",-,"2,340,845","14,505,164","10,517,318","1,647,001",0,"12,091,175","2,413,989",0,3.42,"3,079,697",0,"10,733,466",3.34,"3,212,944","15,722,452","20,494,776","10,304,140"
1101 台泥,2013/09,3,Y,09,NTD,"82,891,070","67,090,700","15,800,370",0,"15,800,370","3,274,015","32,765",-,0,"12,526,355","150,507","1,481,621","247,279","1,439,045","651,774",-,-,-,0,"941,629","13,467,984","2,321,593","11,146,391",0,0,0,"11,146,391","222,235","1,266,246",-,"1,488,481","12,634,872","7,594,015","3,552,376",0,"7,886,350","4,748,522",0,2.06,"3,692,176",0,"7,594,015",2.06,"3,694,439","14,907,029","19,869,596","10,734,957"
1102 亞泥,2013/09,3,Y,09,NTD,"49,722,594","44,360,056","5,362,538",-1,"5,362,537","1,694,425",-,-,0,"3,668,112","471,952","2,152,366","304,565","1,251,357","3,214,832",-,-,-,0,"4,420,406","8,088,518","902,473","7,186,045",0,0,0,"7,186,045","48,162","-602,418",-,"-554,256","6,631,789","6,274,339","911,706",0,"5,198,559","1,433,230",0,2,"3,140,663",0,"6,407,780",1.91,"3,361,113","9,339,875","12,853,215","7,194,958"
1101 台泥,2013/06,2,Y,06,NTD,"52,784,231","44,038,350","8,745,881",0,"8,745,881","2,130,160","22,346",-,0,"6,615,721","94,890","642,446","308,455","976,601","359,542",-,-,-,0,"333,842","6,949,563","1,147,834","5,801,729",0,0,0,"5,801,729","292,810","-230,309",-,"62,501","5,864,230","3,999,822","1,801,907",0,"2,860,750","3,003,480",0,1.08,"3,692,176",0,"3,999,822",1.08,"3,694,599","7,926,164","11,206,513","5,353,064"
1102 亞泥,2013/06,2,Y,06,NTD,"32,112,806","28,695,621","3,417,185",25,"3,417,210","1,164,883",-,-,0,"2,252,327","324,518","1,817,153","199,764","840,440","2,316,902",-,-,-,0,"3,493,379","5,745,706","568,515","5,177,191",0,0,0,"5,177,191","36,639","-693,236",-,"-656,597","4,520,594","4,584,687","592,504",0,"3,283,344","1,237,250",0,1.49,"3,078,754",0,"4,365,568",1.34,"3,252,128","6,586,146","8,940,302","4,671,368"
1101 台泥,2013/03,1,Y,03,NTD,"24,114,047","20,990,175","3,123,872",0,"3,123,872","1,097,143","11,268",-,0,"2,026,729","49,859","288,923","401,492","528,260","151,905",-,-,-,0,"314,060","2,340,789","341,165","1,999,624",0,0,0,"1,999,624","205,492","1,078,953",-,"1,284,445","3,284,069","1,413,035","586,589",0,"1,911,110","1,372,959",0,0.38,"3,692,176",0,"1,413,035",0.38,"3,693,964","2,869,049","4,529,735","1,523,379"
1102 亞泥,2013/03,1,Y,03,NTD,"13,931,550","13,032,289","899,261",37,"899,298","552,379",-,-,0,"346,919","119,860","1,140,953","-491,001","424,975","1,025,067",-,-,-,0,"1,250,044","1,596,963","219,496","1,377,467",0,0,0,"1,377,467","82,876","-207,914",-,"-125,038","1,252,429","1,219,360","158,107",0,"724,570","527,859",0,0.4,"3,018,451",0,"1,171,524",0.37,"3,140,527","2,021,938","3,185,816","1,057,948"
1101 台泥,2012/12,4,Y,12,NTD,"113,699,313","95,950,845","17,748,468",0,"17,748,468","4,541,914","33,105",-,0,"13,206,554","213,321","1,938,355","-1,310,040","2,723,582","1,009,601",-,-,-,0,"-1,085,666","12,120,888","2,122,669","9,998,219",0,0,0,"9,998,219","-339,859","2,321,793",-,"1,981,934","11,980,153","7,784,265","2,213,954",0,"10,232,450","1,747,703",0,2.11,"3,692,176",0,-,-,-,"14,844,470","21,304,303","9,297,087"
1102 亞泥,2012/12,4,Y,12,NTD,"63,793,183","57,652,085","6,141,098",-546,"6,140,552","2,034,063",-,-,0,"4,106,489","630,972","1,525,878","183,610","1,773,775","2,677,467",-,-,-,0,"2,613,180","6,719,669","877,278","5,842,391",0,0,0,"5,842,391","-312,345","-608,245",-,"-920,590","4,921,801","5,082,381","760,010",0,"4,649,295","272,506",0,1.57,"3,230,918",0,-,-,-,"8,493,444","13,008,073","5,893,610"
1101 台泥,2012/09,3,Y,09,NTD,"83,976,324","72,263,032","11,713,292",0,"11,713,292","3,093,969","21,330",-,0,"8,619,323","154,028","1,664,562","15,766","2,103,050","709,926",-,-,-,0,"287,204","8,906,527","1,413,552","7,492,975",0,-,0,"7,492,975","-204,176","-43,432",-,"-247,608","7,245,367","5,968,716","1,524,259",-,"6,503,579","741,788",-,1.62,"3,692,176",0,-,-,-,"11,009,577","15,800,092","6,789,862"
1102 亞泥,2012/09,3,Y,09,NTD,"46,361,950","42,493,118","3,868,832",-546,"3,868,286","1,461,838",-,-,0,"2,406,448","445,714","1,272,953","124,220","1,357,166","2,364,948",-,-,-,0,"2,404,955","4,811,403","504,491","4,306,912",0,-,0,"4,306,912","-616,369","-1,381,305",-,"-1,997,674","2,309,238","3,942,974","363,938",-,"2,431,598","-122,360",-,1.22,"3,230,918",0,-,-,-,"6,168,569","9,576,982","4,163,445"
1101 台泥,2012/06,2,Y,06,NTD,"54,496,143","46,864,009","7,632,134",0,"7,632,134","2,175,944","20,296",-,0,"5,456,190","84,952","1,075,482","112,836","1,417,124","519,426",-,-,-,0,"290,620","5,746,810","811,698","4,935,112",0,-,0,"4,935,112","-80,635","-1,253,593",-,"-1,334,228","3,600,884","3,960,955","974,157",-,"3,029,656","571,228",-,1.07,"3,692,176",0,-,-,-,"7,163,934","10,359,550","4,157,673"
1102 亞泥,2012/06,2,Y,06,NTD,"29,869,685","27,295,557","2,574,128","-1,009","2,573,119","998,742",-,-,0,"1,574,377","302,192","1,040,509","258,140","917,933","1,913,111",-,-,-,0,"2,293,827","3,868,204","352,854","3,515,350",0,-,0,"3,515,350","-676,723","-1,839,124",-,"-2,515,847","999,503","3,278,149","237,201",-,"976,385","23,118",-,1.01,"3,230,918",0,-,-,-,"4,786,137","6,996,644","3,323,306"
1101 台泥,2012/03,1,Y,03,NTD,"25,288,765","21,859,006","3,429,759",0,"3,429,759","1,142,956","8,942",-,0,"2,286,803","46,293","572,106","208,543","735,520","247,136",-,-,-,0,"292,265","2,579,068","463,243","2,115,825",0,-,0,"2,115,825","-144,320","398,380",-,"254,060","2,369,885","1,534,342","581,483",-,"2,230,751","139,134",-,0.42,"3,692,176",0,-,-,-,"3,314,588","4,894,510","1,829,131"
1102 亞泥,2012/03,1,Y,03,NTD,"13,191,051","12,073,070","1,117,981","-3,502","1,114,479","492,391",-,-,0,"622,088","110,578","357,966","22,364","476,528","1,153,857",-,-,-,0,"1,057,659","1,679,747","134,271","1,545,476",0,-,0,"1,545,476","-28,716","-342,271",-,"-370,987","1,174,489","1,423,487","121,989",-,"1,358,628","-184,139",-,0.45,"3,136,814",0,-,-,-,"2,156,275","3,283,584","1,727,756"
1101 台泥,2011/12,4,Y,12,NTD,"118,496,562","97,921,121","20,575,441",0,"20,575,441","4,402,750","57,587",-,0,"16,172,691","180,136","1,776,412","89,637","2,532,144","1,019,390",-,-,-,0,"353,295","16,525,986","2,797,872","13,728,114",0,0,0,"13,728,114",-,-,-,-,-,"8,619,825","5,108,289",0,-,-,-,2.33,"3,692,176",0,"8,619,825",2.33,"3,694,107","19,058,130","27,137,325","13,742,786"
1102 亞泥,2011/12,4,Y,12,NTD,"68,826,626","57,473,747","11,352,879",0,"11,352,879","2,466,738",-,-,0,"8,886,141","337,835","1,280,781","1,330,245","1,744,952","4,283,753",-,-,-,0,"5,149,827","14,035,968","1,787,282","12,248,686",0,0,0,"12,248,686",-,-,-,-,-,"10,016,249","2,232,437",0,-,-,-,3.19,"3,136,814",0,"10,038,635",3.13,"3,210,776","15,780,920","20,776,577","10,926,372"
1101 台泥,2011/09,3,Y,09,NTD,"87,853,669","71,350,188","16,503,481",0,"16,503,481","3,114,591","33,228",-,0,"13,388,890","125,446","1,001,287","-453,724","1,785,835","772,031",-,-,-,0,"-466,241","12,922,649","2,185,155","10,737,494",0,0,0,"10,737,494",-,-,-,-,-,"6,621,049","4,116,445",0,-,-,-,1.79,"3,692,176",0,"6,621,049",1.79,"3,692,176","14,708,484","20,671,267","11,091,739"
1102 亞泥,2011/09,3,Y,09,NTD,"49,619,295","41,565,552","8,053,743",0,"8,053,743","1,757,100",-,-,0,"6,296,643","249,141","1,016,094","1,437,051","1,286,470","3,488,545",-,-,-,0,"4,655,220","10,951,863","1,227,392","9,724,471",0,0,0,"9,724,471",-,-,-,-,-,"8,243,482","1,480,989",0,-,-,-,2.63,"3,136,814",0,"8,302,408",2.6,"3,194,909","12,238,333","15,929,757","8,317,312"
1101 台泥,2011/06,2,Y,06,NTD,"57,193,716","46,162,674","11,031,042",0,"11,031,042","1,999,782","22,457",-,0,"9,031,260","85,393","405,471","-367,021","1,170,465","492,853",-,-,-,0,"-639,162","8,392,098","1,503,235","6,888,863",0,0,0,"6,888,863",-,-,-,-,-,"4,050,619","2,838,244",0,-,-,-,1.1,"3,692,176",0,"4,050,619",1.1,"3,692,176","9,562,563","13,523,227","7,333,231"
1102 亞泥,2011/06,2,Y,06,NTD,"31,735,474","26,375,627","5,359,847",0,"5,359,847","1,239,346",-,-,0,"4,120,501","112,147","690,382","931,299","814,554","2,773,653",-,-,-,0,"3,580,780","7,701,281","850,864","6,850,417",0,0,0,"6,850,417",-,-,-,-,-,"5,917,329","933,088",0,-,-,-,1.92,"3,075,308",0,"5,884,258",1.9,"3,099,744","8,515,835","10,961,106","6,480,359"
1101 台泥,2011/03,1,Y,03,NTD,"25,350,298","20,813,117","4,537,181",0,"4,537,181","1,111,719","13,926",-,0,"3,425,462","33,799","175,065","-320,032","596,448","197,024",-,-,-,0,"-544,391","2,881,071","499,369","2,381,702",0,0,0,"2,381,702",-,-,-,-,-,"1,320,057","1,061,645",0,-,-,-,0.36,"3,692,176",0,"1,320,057",0.36,"3,692,176","3,477,519","5,338,701","2,743,394"
1102 亞泥,2011/03,1,Y,03,NTD,"14,255,486","12,045,139","2,210,347",0,"2,210,347","523,030",-,-,0,"1,687,317","44,340","248,549","40,699","411,923","1,433,710",-,-,-,0,"1,311,035","2,998,352","385,150","2,613,202",0,0,0,"2,613,202",-,-,-,-,-,"2,227,245","385,957",0,-,-,-,0.72,"3,075,308",0,"2,227,245",0.72,"3,085,568","3,410,275","4,623,726","2,655,006"
1101 台泥,2010/12,4,Y,12,NTD,"106,207,291","86,710,957","19,496,334",0,"19,496,334","3,842,022","54,457",-,0,"15,654,312","124,718","973,048","-137,076","2,396,026","856,758",-,-,-,0,"-703,296","14,951,016","1,555,291","13,395,725",0,0,0,"13,395,725",-,-,-,-,-,"8,031,321","5,364,404",0,-,-,-,2.43,"3,304,231",0,"8,031,321",2.43,"3,304,231","17,347,042","25,003,173","13,356,387"
1102 亞泥,2010/12,4,Y,12,NTD,"53,814,116","47,530,895","6,283,221",0,"6,283,221","2,004,571",-,-,0,"4,278,650","105,266","896,602","-1,174,185","1,447,653","6,425,016",-,-,-,0,"4,699,780","8,978,430","624,156","8,354,274",0,0,0,"8,354,274",-,-,-,-,-,"7,676,310","677,964",0,-,-,-,2.5,"3,075,308",0,"7,676,310",2.49,"3,087,986","10,426,083","14,895,992","9,183,668"
1101 台泥,2010/09,3,Y,09,NTD,"76,366,989","63,538,384","12,828,605",0,"12,828,605","2,708,884","55,539",-,0,"10,119,721","133,762","978,419","35,194","1,902,310","448,593",-,-,-,0,"-440,104","9,679,617","944,399","8,735,218",0,0,0,"8,735,218",-,-,-,-,-,"5,395,955","3,339,263",0,-,-,-,1.64,"3,292,176",0,"5,395,955",1.64,"3,292,176","11,581,927","17,274,733","8,603,407"
1102 亞泥,2010/09,3,Y,09,NTD,"37,041,830","33,510,712","3,531,118",0,"3,531,118","1,345,131",-,-,0,"2,185,987","79,583","947,775","-1,169,039","1,056,662","4,730,108",-,-,-,0,"3,452,182","5,638,169","262,509","5,375,660",0,0,0,"5,375,660",-,-,-,-,-,"5,234,328","141,332",0,-,-,-,1.7,"3,075,308",0,"5,234,328",1.7,"3,084,071","6,694,831","9,627,682","5,959,572"
1101 台泥,2010/06,2,Y,06,NTD,"47,971,449","40,265,869","7,705,580",0,"7,705,580","1,761,927","35,570",-,0,"5,943,653","113,898","456,641","-105,665","1,118,621","178,406",-,-,-,0,"-589,239","5,354,414","644,980","4,709,434",0,0,0,"4,709,434",-,-,-,-,-,"2,837,139","1,872,295",0,-,-,-,0.86,"3,292,176",0,"2,837,139",0.86,"3,292,176","6,473,035","10,091,532","4,672,805"
1102 亞泥,2010/06,2,Y,06,NTD,"24,427,378","21,831,160","2,596,218",0,"2,596,218","969,310",-,-,0,"1,626,908",0,"532,438","-565,451","634,926","3,070,236",-,-,-,0,"2,402,297","4,029,205","206,863","3,822,342",0,0,0,"3,822,342",-,-,-,-,-,"3,725,781","96,561",0,-,-,-,1.25,"2,985,736",0,"3,725,781",1.24,"2,994,186","4,664,131","6,715,651","4,298,666"
1101 台泥,2010/03,1,Y,03,NTD,"22,023,082","19,111,593","2,911,489",0,"2,911,489","759,155","28,394",-,0,"2,152,334","13,232","170,111","-82,739","513,737","9,707",-,-,-,0,"-416,658","1,735,676","278,039","1,457,637",0,0,0,"1,457,637",-,-,-,-,-,"924,955","532,682",0,-,-,-,0.28,"3,292,176",0,"924,955",0.28,"3,292,176","2,249,413","4,001,241","1,432,257"
1102 亞泥,2010/03,1,Y,03,NTD,"11,420,299","10,209,598","1,210,701",0,"1,210,701","448,607",-,-,0,"762,094",0,"154,069","42,835","314,338","1,235,997",-,-,-,0,"1,118,563","1,880,657","135,951","1,744,706",0,0,0,"1,744,706",-,-,-,-,-,"1,614,305","130,401",0,-,-,-,0.54,"2,985,736",0,"1,614,305",0.54,"2,995,415","2,194,995","3,248,316","1,613,737"
1101 台泥,2009/12,4,Y,12,NTD,"86,804,345","71,269,956","15,534,389",0,"15,534,389","3,057,575","34,310",-,0,"12,476,814","117,872","1,244,897","316,413","2,217,610","358,722",-,-,-,0,"-297,578","12,179,236","477,397","11,701,839",0,0,0,"11,701,839",-,-,-,-,-,"7,424,530","4,277,309",0,-,-,-,2.26,"3,292,176",0,"7,424,530",2.26,"3,292,176","14,396,846","21,230,429","11,040,044"
1102 亞泥,2009/12,4,Y,12,NTD,"48,418,125","40,330,724","8,087,401",0,"8,087,401","1,977,883",-,-,0,"6,109,518","202,794","1,042,155","-422,468","1,417,210","4,361,064",-,-,-,0,"3,563,541","9,673,059","718,049","8,955,010",0,0,0,"8,955,010",-,-,-,-,-,"7,885,009","1,070,001",0,-,-,-,2.64,"2,985,736",0,"7,885,009",2.63,"2,995,943","11,090,269","14,859,087","8,917,773"
1101 台泥,2009/09,3,Y,09,NTD,"61,931,952","51,942,319","9,989,633",0,"9,989,633","2,052,419","26,377",-,0,"7,937,214","64,235","859,354","11,791","1,714,390","442,240",-,-,-,0,"-401,005","7,536,209",287,"7,535,922",0,0,0,"7,535,922",-,-,-,-,-,"4,875,152","2,660,770",0,-,-,-,1.48,"3,292,176",0,"4,875,152",1.48,"3,292,176","9,250,599","14,484,808","6,997,355"
1102 亞泥,2009/09,3,Y,09,NTD,"35,605,437","28,549,512","7,055,925",0,"7,055,925","2,183,450",-,-,0,"4,872,475","159,075","1,242,436","-168,863","1,123,449","3,175,929",-,-,-,0,"3,126,053","7,998,528","550,185","7,448,343",0,0,0,"7,448,343",-,-,-,-,-,"6,614,476","833,867",0,-,-,-,2.22,"2,985,736",0,"6,614,476",2.21,"2,995,210","9,121,977","11,852,239","7,259,208"
1101 台泥,2009/06,2,Y,06,NTD,"39,718,793","34,283,693","5,435,100",0,"5,435,100","1,347,531","18,937",-,0,"4,087,569","48,428","427,104","-206,649","1,169,891","426,840",-,-,-,0,"-522,596","3,564,973","25,816","3,539,157",0,0,0,"3,539,157",-,-,-,-,-,"2,136,502","1,402,655",0,-,-,-,0.65,"3,292,176",0,"2,136,502",0.65,"3,292,176","4,734,864","8,295,697","3,584,071"
1102 亞泥,2009/06,2,Y,06,NTD,"22,972,279","18,566,493","4,405,786",0,"4,405,786","1,096,458",-,-,0,"3,309,328",0,"658,331","-13,449","732,330","2,182,754",-,-,-,0,"2,095,306","5,404,634","372,409","5,032,225",0,0,0,"5,032,225",-,-,-,-,-,"4,549,505","482,720",0,-,-,-,1.57,"2,898,772",0,"4,549,505",1.57,"2,906,423","6,136,964","7,949,115","4,863,531"
1101 台泥,2009/03,1,Y,03,NTD,"18,071,221","16,313,212","1,758,009",0,"1,758,009","714,759","6,093",-,0,"1,043,250","25,497","142,510","-51,416","617,901","-17,680",-,-,-,0,"-544,487","498,763","12,539","486,224",0,0,0,"486,224",-,-,-,-,-,"182,490","303,734",0,-,-,-,0.06,"3,292,176",0,-,0.06,-,"1,116,664","2,853,300","486,036"
1102 亞泥,2009/03,1,Y,03,NTD,"10,187,443","8,540,024","1,647,419",0,"1,647,419","469,439",-,-,0,"1,177,980",0,"321,246","25,689","414,428","825,064",-,-,-,0,"757,571","1,935,551","203,744","1,731,807",0,0,0,"1,731,807",-,-,-,-,-,"1,591,863","139,944",0,-,-,-,0.55,"2,898,772",0,-,0.55,-,"2,349,979","3,225,522","1,584,692"
1101 台泥,2008/12,4,Y,12,NTD,"78,476,558","70,707,693","7,768,865",0,"7,768,865","2,844,121","34,364",-,0,"4,924,744","198,105","1,001,131","3,277,212","2,529,599","-93,581",-,-,-,0,"1,655,163","6,579,907","106,228","6,473,679",0,0,0,"6,473,679",-,-,-,-,-,"5,761,258","712,421",0,-,-,-,1.75,"3,292,176",0,-,1.75,-,"9,109,506","15,213,486","3,341,091"
1102 亞泥,2008/12,4,Y,12,NTD,"44,157,780","37,890,388","6,267,392",0,"6,267,392","2,748,642",-,-,0,"3,518,750","407,611","1,744,418","-796,682","1,685,438","5,088,466",-,-,-,0,"4,350,764","7,869,514","396,879","7,472,635",0,0,0,"7,472,635",-,-,-,-,-,"7,314,642","157,993",0,-,-,-,2.52,"2,898,772",0,-,2.52,-,"9,554,952","12,462,596","7,512,870"
1101 台泥,2008/09,3,Y,09,NTD,"60,944,205","54,113,097","6,831,108",0,"6,831,108","2,059,955","28,842",-,0,"4,771,153","145,087","962,890","1,875,980","1,829,422","43,144",-,-,-,0,"1,052,592","5,823,745","158,912","5,664,833",0,0,0,"5,664,833",-,-,-,-,-,"4,646,144","1,018,689",0,-,-,-,1.41,"3,292,176",0,-,1.41,-,"7,653,167","12,064,446","3,475,859"
1102 亞泥,2008/09,3,Y,09,NTD,"31,864,460","27,211,225","4,653,235",0,"4,653,235","1,780,934",-,-,0,"2,872,301","278,739","1,442,542","-520,874","1,131,248","4,753,913",-,-,-,0,"4,544,333","7,416,634","342,157","7,074,477",0,0,0,"7,074,477",-,-,-,-,-,"6,849,116","225,361",0,-,-,-,2.36,"2,898,772",0,-,2.36,-,"8,547,882","10,695,649","6,853,617"
1101 台泥,2008/06,2,Y,06,NTD,"38,460,834","33,780,357","4,680,477",0,"4,680,477","1,495,283","14,332",-,0,"3,185,194","105,670","816,914","1,392,341","1,152,786",0,-,-,-,0,"1,056,469","4,241,663","-78,372","4,320,035",0,0,0,"4,320,035",-,-,-,-,-,"3,546,869","773,166",0,-,-,-,1.08,"3,292,176",0,-,1.08,-,"5,394,449","8,364,504","2,296,856"
1102 亞泥,2008/06,2,Y,06,NTD,"20,217,141","16,747,211","3,469,930",0,"3,469,930","1,335,099",-,-,0,"2,134,831","158,469","1,146,958","-502,147","782,738","3,607,183",-,-,-,0,"3,469,256","5,604,087","269,488","5,334,599",0,0,0,"5,334,599",-,-,-,-,-,"5,165,241","169,358",0,-,-,-,1.89,"2,734,691",0,-,1.89,-,"6,386,825","7,820,767","5,467,807"
1101 台泥,2008/03,1,Y,03,NTD,"17,906,537","15,416,167","2,490,370",0,"2,490,370","720,211","6,075",-,0,"1,770,159","44,316","125,058","750,153","611,491","-7,958",-,-,-,0,"255,762","2,025,921","319,210","1,706,711",0,0,0,"1,706,711",-,-,-,-,-,"1,282,239","424,472",0,-,-,-,0.39,"3,248,637",0,-,0.39,-,"2,637,412","4,065,285","1,043,413"
1102 亞泥,2008/03,1,Y,03,NTD,"9,421,768","7,994,036","1,427,732",0,"1,427,732","552,482",-,-,0,"875,250",0,"477,796","-500,439","359,587","2,531,567",-,-,-,0,"2,149,337","3,024,587","124,787","2,899,800",0,0,0,"2,899,800",-,-,-,-,-,"2,863,616","36,184",0,-,-,-,1.05,"2,734,691",0,-,1.05,-,"3,384,174","4,098,682","3,182,271"
1101 台泥,2007/12,4,Y,12,NTD,"76,644,676","61,254,542","15,390,134",0,"15,390,134","2,498,024","42,990",-,0,"12,892,110","176,229","1,207,753","1,159,844","2,413,221","79,741",-,-,-,0,"34,117","12,926,227","1,770,170","11,156,057",0,0,0,"11,156,057",-,-,-,-,-,"8,255,133","2,900,924",0,-,-,-,2.55,"3,242,387",0,-,2.55,-,"15,339,448","21,048,618","9,813,906"
1102 亞泥,2007/12,4,Y,12,NTD,"35,946,525","30,006,694","5,939,831",0,"5,939,831","1,926,803",-,-,0,"4,013,028","174,000","1,320,477","-403,782","1,337,147","7,173,329",-,-,-,0,"6,752,877","10,765,905","669,949","10,095,956",0,0,0,"10,095,956",-,-,-,-,-,"10,100,422","-4,466",0,-,-,-,3.69,"2,734,691",0,-,3.69,-,"12,103,052","14,558,639","10,037,573"
1101 台泥,2007/06,2,Y,06,NTD,"36,001,312","28,222,275","7,779,037",0,"7,779,037","1,314,720","19,395",-,0,"6,464,317","87,014","392,648","141,520","1,167,494","105,576",-,-,-,0,"-527,750","5,936,567","827,518","5,109,049",0,0,0,"5,109,049",-,-,-,-,-,"3,787,943","1,321,106",0,-,-,-,1.17,"3,236,033",0,-,1.17,-,"7,104,061","9,922,351","4,799,017"
1102 亞泥,2007/06,2,Y,06,NTD,"16,776,505","13,943,664","2,832,841",0,"2,832,841","795,221",-,-,0,"2,037,620","100,143","593,038","-213,312","545,088","3,587,915",-,-,-,0,"3,422,553","5,460,173","351,177","5,108,996",0,0,0,"5,108,996",-,-,-,-,-,"5,101,261","7,735",0,-,-,-,2.01,"2,532,121",0,-,2.01,-,"6,005,261","7,163,112","5,108,996"
1101 台泥,2006/12,4,Y,12,NTD,"64,942,255","52,402,134","12,540,121",0,"12,540,121","2,507,284","47,849",-,0,"10,032,837","237,562","1,306,218","313,055","2,366,956","8,493",-,-,-,0,"-739,190","9,293,647","693,090","8,600,557","39,037",0,0,"8,639,594",-,-,-,-,-,"6,877,643","1,761,951",0,-,-,-,2.2,"3,050,884","171,189",-,2.06,-,"11,660,603","17,257,549","7,650,821"
1102 亞泥,2006/12,4,Y,12,NTD,"31,654,424","26,394,279","5,260,145",0,"5,260,145","1,661,204",-,-,0,"3,598,941","199,935","1,243,598","-428,259","913,232","4,335,559",-,-,-,0,"4,237,666","7,836,607","779,497","7,057,110","125,076",0,0,"7,182,186",-,-,-,-,-,"7,206,555","-24,369",0,-,-,-,2.85,"2,532,121",0,-,2.85,-,"8,749,839","10,757,778","6,932,113"
1101 台泥,2006/06,2,Y,06,NTD,"28,803,403","24,198,983","4,604,420",0,"4,604,420","1,104,690","27,782",-,0,"3,499,730","108,602","650,884","293,860","1,168,584","269,334",-,-,-,0,"45,494","3,545,224","519,720","3,025,504","16,259",0,0,"3,041,763",-,-,-,-,-,"2,502,949","538,814",0,-,-,-,0.81,"2,950,479","123,000",-,0.76,-,"4,713,808","7,529,726","2,178,056"
1102 亞泥,2006/06,2,Y,06,NTD,"14,762,508","12,553,383","2,209,125",0,"2,209,125","493,719",-,-,0,"1,715,406","92,088","436,455","-55,263","437,969","2,313,153",-,-,-,0,"2,256,376","3,971,782","419,825","3,551,957","121,981",0,0,"3,673,938",-,-,-,-,-,"3,694,331","-20,393",0,-,-,-,1.57,"2,344,557",0,-,1.57,-,"4,409,751","5,373,947","3,416,321"
1101 台泥,2005/12,4,Y,12,NTD,"62,085,454","49,723,448","12,362,006",0,"12,362,006","2,030,687","33,568",-,0,"10,331,319","230,582","771,010","-304,521","2,125,602","431,302",-,-,-,0,"-1,227,811","9,103,508","1,700,334","7,403,174","-72,928",0,0,"7,330,246",-,-,-,-,-,"5,703,367","1,626,879",0,-,-,-,1.97,"2,773,874","246,000",-,1.73,-,"11,229,110","17,185,506","6,878,698"
1102 亞泥,2005/12,4,Y,12,NTD,"28,363,157","24,160,000","4,203,157",0,"4,203,157","1,400,254",-,-,0,"2,802,903","82,696","1,006,407","-964,987","858,026","5,300,562",-,-,-,0,"4,483,956","7,286,859","648,428","6,638,431",0,0,0,"6,638,431",-,-,-,-,-,"6,620,013","18,418",0,-,-,-,2.82,"2,344,557",0,-,2.82,-,"8,144,885","9,984,636","6,958,421"
1101 台泥,2005/06,2,Y,06,NTD,"30,377,303","23,446,685","6,930,618",0,"6,930,618","1,119,690","21,083",-,0,"5,810,928","77,069","231,588","662,948","1,000,197","89,244",-,-,-,0,"-16,417","5,794,511","1,083,076","4,711,435","-72,928",0,0,"4,638,507",-,-,-,-,-,"3,594,740","1,043,767",0,-,-,-,1.25,"2,771,750","121,989",-,1.05,-,"6,794,708","9,797,544","3,790,105"
1102 亞泥,2005/06,2,Y,06,NTD,"13,497,253","11,414,600","2,082,653",0,"2,082,653","503,735",-,-,0,"1,578,918",0,"321,769","-635,205","434,341","2,819,488",-,-,-,0,"2,071,711","3,650,629","318,460","3,332,169",0,0,0,"3,332,169",-,-,-,-,-,"3,354,346","-22,177",0,-,-,-,1.43,"2,344,557",0,-,1.43,-,"4,084,970","4,954,668","3,626,232"
1101 台泥,2004/12,4,Y,12,NTD,"51,643,841","40,752,320","10,891,521",0,"10,891,521","1,576,392",0,-,-,"9,315,129","128,894","280,583","-9,219","1,862,392","271,221",-,-,-,-,"-1,319,807","7,995,322","2,486,849","5,508,473",0,-,0,"5,508,473",-,-,-,-,-,"4,421,526","1,086,947",-,-,-,-,1.59,"2,632,811","246,000",-,1.35,-,"9,857,714","15,245,908","5,007,664"
1102 亞泥,2004/12,4,Y,12,NTD,"26,136,337","21,990,944","4,145,393",0,"4,145,393","1,223,289",-,-,-,"2,922,104",0,"707,401","-1,114,841","949,531","5,176,894",-,-,-,-,"3,819,923","6,742,027","239,009","6,503,018",0,-,0,"6,503,018",-,-,-,-,-,"6,437,765","65,253",-,-,-,-,2.97,"2,170,886",0,-,2.97,-,"7,691,558","9,617,886","6,818,942"
1101 台泥,2003/12,4,Y,12,NTD,"47,506,825","37,758,805","9,748,020",0,"9,748,020","1,351,826",0,-,-,"8,396,194","63,940","285,558","1,403,596","2,844,516","-3,874,119",-,-,-,-,"-5,029,481","3,366,713","1,034,621","2,332,092",0,-,0,"2,332,092",-,-,-,-,-,"1,762,182","569,910",-,-,-,-,0.6,"2,533,881","246,000",-,0.6,-,"6,211,229","11,485,924","53,212"
1102 亞泥,2003/12,4,Y,12,NTD,"18,087,316","14,837,075","3,250,241",0,"3,250,241","1,120,202",-,-,-,"2,130,039",0,"865,199","-1,260,912","779,195","2,494,186",-,-,-,-,"1,319,278","3,449,317","151,008","3,298,309",0,-,0,"3,298,309",-,-,-,-,-,"3,320,641","-22,332",-,-,-,-,1.63,"2,038,390",0,-,1.63,-,"4,228,512","5,517,699","3,303,309"
1101 台泥,2002/12,4,Y,12,NTD,"39,137,900","33,893,049","5,244,851",0,"5,244,851","1,559,855",-,-,-,"3,684,996","59,421","433,952","140,668","2,973,357","-1,396,131",-,-,-,-,"-3,794,868","-109,872","-1,967,107","1,857,235",0,-,0,"1,857,235",-,-,-,-,-,"286,737","1,570,498",-,-,-,-,0.02,"2,479,985","246,000",-,0.02,-,"2,863,485","6,533,593","1,021,253"
1102 亞泥,2002/12,4,Y,12,NTD,"17,540,226","15,129,915","2,410,311",0,"2,410,311","1,528,145",-,-,-,"882,166","53,711","533,961","-405,602","972,237","1,345,202",-,-,-,-,"501,324","1,383,490","151,063","1,232,427",0,-,0,"1,232,427",-,-,-,-,-,"1,160,008","72,419",-,-,-,-,0.57,"2,038,390",0,-,0.57,-,"2,355,727","3,630,743","1,105,651"
1101 台泥,2001/12,4,Y,12,NTD,"30,465,854","28,016,140","2,449,714",0,"2,449,714","1,516,181",0,-,-,"933,533","88,016","410,082","1,628,566","2,730,567","5,600",-,-,-,-,"-686,319","247,214","-97,593","344,807",0,-,0,"344,807",-,-,-,-,-,"190,575","154,232",-,-,-,-,0.05,"2,443,387","74,811",-,0.05,-,"2,977,781","6,029,477","-1,661,790"
1102 亞泥,2001/12,4,Y,12,NTD,"14,303,609","13,070,338","1,233,271",0,"1,233,271","1,038,864",-,-,-,"194,407","144,307","641,699","-199,983","1,019,702","735,238",-,-,-,-,"157,252","351,659","72,627","279,032",0,-,0,"279,032",-,-,-,-,-,"301,930","-22,898",-,-,-,-,0.15,"2,072,808",0,-,0.15,-,"1,371,361","2,641,562","94,751"
1101 台泥,2000/12,4,Y,12,NTD,"28,381,485","25,569,274","2,812,211","-8,045","2,804,166","1,502,682",-,-,-,"1,301,484","148,264","264,701","2,529,228","2,099,870","-209,768",-,-,-,-,"484,291","1,785,775","349,959","1,435,816",0,-,0,"1,435,816",-,-,-,-,-,"1,081,640","354,176",-,-,-,-,0.46,"2,367,290",0,-,0.46,-,"3,885,645","6,389,377","-1,274,310"
1102 亞泥,2000/12,4,Y,12,NTD,"12,249,810","10,918,974","1,330,836",0,"1,330,836","534,297",-,-,-,"796,539","58,894","455,405","-331,275","809,070","89,947",-,-,-,-,"-594,993","201,546","33,911","167,635",0,-,0,"167,635",-,-,-,-,-,"175,721","-8,086",-,-,-,-,0.09,"2,037,743",0,-,0.09,-,"1,010,616","1,954,615","186,156"
