公司,年/月,季別,合併(Y/N),月份,幣別,  現金及約當現金,  透過損益按公允價值衡量之金融資產－流動,  透過其他綜合損益按公允價值衡量之金融資產－流動,  按攤銷後成本衡量之金融資產－流動,  避險之金融資產－流動,  合約資產－流動,  應收帳款及票據,  其他應收款,  資金貸予他人－流動,  存貨,  待出售非流動資產,  當期所得稅資產－流動,流動資產,  透過損益按公允價值衡量之金融資產－非流動,  透過其他綜合損益按公允價值衡量之金融資產－非流動,  按攤銷後成本衡量之金融資產－非流動,  避險之金融資產－非流動,  合約資產－非流動,  採權益法之長期股權投資,  預付投資款,  不動產廠房及設備,  商譽及無形資產合計,    遞延所得稅資產,  遞延資產合計,    使用權資產,    投資性不動產淨額,  其他非流動資產,非流動資產,資產總額,  短期借款,  應付商業本票∕承兌匯票,  透過損益按公允價值衡量之金融負債－流動,  避險之金融負債－流動,  按攤銷後成本衡量之金融負債－流動,  合約負債－流動,  應付帳款及票據,  其他應付款,  當期所得稅負債,  負債準備－流動,  與待出售非流動資產直接相關之負債,  租賃負債─流動,  一年內到期長期負債,  特別股負債－流動,流動負債,  透過損益按公允價值衡量之金融負債－非流動,  避險之金融負債－非流動,  按攤銷後成本衡量之金融負債－非流動,  合約負債－非流動,  特別股負債－非流動,  應付公司債－非流動,  銀行借款－非流動,  其他長期借款－非流動,  租賃負債－非流動,  負債準備－非流動,  遞延貸項,  應計退休金負債,  遞延所得稅,非流動負債,負債總額,    普通股股本,    特別股股本,    預收股款,    待分配股票股利,    換股權利證書,  股本,  資本公積合計,    法定盈餘公積,    特別盈餘公積,    未分配盈餘,  保留盈餘,  其他權益,  庫藏股票帳面值,母公司股東權益合計,共同控制下前手權益,合併前非屬共同控制股權,非控制權益,股東權益總額,負債及股東權益總額
1101 台泥,2023/09,3,Y,09,NTD,"72,510,081","668,831","6,826,023","29,982,272",0,0,"29,512,664","2,612,179",-,"13,443,179",0,0,"163,318,027","297,759","20,906,490","18,829,366",0,0,"57,333,453",0,"127,763,598","28,680,821",0,0,"15,634,113","7,949,939","55,787,948","309,599,435","472,917,462","20,099,911","3,640,126","603,782",0,0,"4,372,004","11,238,347","14,383,340","2,401,752",0,0,"466,737","36,635,653",0,"94,338,554",0,0,0,0,0,"68,840,993","31,737,240","15,064,836","3,735,814",0,0,"63,349","12,714,330","133,852,417","228,190,971","71,561,817","2,000,000",0,0,0,"73,561,817","65,939,406",-,-,-,"68,806,743","14,822,862","-732,459","222,398,369",0,0,"22,328,122","244,726,491","472,917,462"
1102 亞泥,2023/09,3,Y,09,NTD,"38,046,324","39,239,002","4,960,009","14,691,273",0,"108,370","12,860,672","1,979,453",-,"7,651,828",0,"38,133","121,392,947",0,"12,225,456","53,839",0,0,"93,203,532",0,"40,540,358","6,711,907","837,788","837,788","4,757,437","37,423,467","60,991,927","214,564,807","335,957,754","32,721,438","27,543,915",0,0,0,"984,944","10,360,250","296,347","2,005,685","89,800",0,"250,238","10,199,160",0,"84,451,777",0,0,0,0,0,"39,100,000","8,242,757",0,"1,142,260","1,002,487",0,"107,871","9,323,556","59,799,527","144,251,304","35,465,629",0,0,0,0,"35,465,629","6,818,504","22,558,401","66,826,782","27,179,802","116,564,985","9,294,095",0,"168,143,213",0,0,"23,563,237","191,706,450","335,957,754"
1101 台泥,2023/06,2,Y,06,NTD,"52,738,528","669,525","7,076,567","40,903,119",0,"45,714","28,749,677","2,869,444",0,"14,503,585",0,0,"154,071,563","295,228","21,190,943","16,988,509",0,0,"54,948,925",0,"124,271,643","28,155,143",0,0,"15,196,608","5,312,799","56,419,695","302,270,086","456,341,649","19,568,604","2,179,034","259,682",0,0,"3,950,878","11,952,741","17,336,607","1,644,024",0,0,"443,014","33,818,641",0,"91,552,014",0,0,0,0,0,"68,836,963","28,385,009","15,063,156","3,612,317",0,0,"63,683","12,849,141","130,070,184","221,622,198","71,561,817","2,000,000",0,0,0,"73,561,817","66,009,915","24,470,947","13,004,401","30,085,016","67,560,364","7,884,583","-732,459","214,284,220",0,0,"20,435,231","234,719,451","456,341,649"
1102 亞泥,2023/06,2,Y,06,NTD,"38,029,752","39,173,020","5,491,534","12,946,073",0,"94,644","12,347,995","5,634,051",0,"8,081,106",0,"13,301","123,631,973",0,"12,254,491","104,584",0,0,"91,119,997","1,596,380","39,524,555","6,507,408","814,974","814,974","4,715,755","37,244,900","59,535,287","211,457,676","335,089,649","32,553,025","26,961,103",0,0,0,"904,935","9,940,122","8,800,870","1,714,539","90,611",0,"259,475","6,709,160",0,"87,933,840",0,0,0,0,0,"42,600,000","7,934,011",0,"1,181,936","989,026",0,"107,772","9,333,203","63,032,840","150,966,680","35,465,629",0,0,0,0,"35,465,629","6,802,044","22,558,401","67,033,633","24,276,076","113,868,110","5,310,543",0,"161,446,326",0,0,"22,676,643","184,122,969","335,089,649"
1101 台泥,2023/03,1,Y,03,NTD,"70,957,209","648,145","6,377,062","30,795,636",0,"245,472","30,665,202","1,618,043",0,"15,773,232",0,0,"164,832,022","290,412","23,662,688","11,492,164",0,0,"55,617,949",0,"120,821,456","28,319,815",0,0,"15,650,039","5,317,619","56,611,862","296,816,346","461,648,368","17,733,242","3,051,693","364,022",0,0,"2,779,840","14,355,988","12,474,824","1,317,413",0,0,"423,841","21,115,742",0,"74,340,055",0,0,0,0,0,"81,423,818","33,234,023","15,055,513","3,641,884",0,0,"64,273","12,460,280","147,227,279","221,567,334","71,561,817","2,000,000",0,0,0,"73,561,817","66,000,181","23,950,392","13,004,401","30,979,905","67,934,698","13,484,421","-904,059","220,077,058",0,0,"20,003,976","240,081,034","461,648,368"
1102 亞泥,2023/03,1,Y,03,NTD,"41,352,173","38,456,263","5,159,686","11,129,381",0,"124,117","12,885,493","953,003",0,"8,086,015",0,"76,763","120,394,175",0,"11,796,636","72,590",0,0,"91,826,147","1,595,487","40,420,990","6,749,136","860,514","860,514","4,878,191","37,196,055","60,127,243","213,448,743","333,842,918","28,406,133","33,938,844","12,309",0,0,"1,073,632","10,245,129","8,450,377","1,520,581","18,501",0,"259,151","229,361",0,"84,154,018",0,0,0,0,0,"45,100,000","11,016,362",0,"1,235,627","999,892",0,"110,566","10,269,686","69,631,015","153,785,033","35,459,276",0,0,0,0,"35,459,276","6,002,935","21,318,344","66,656,628","21,732,203","109,707,175","5,289,278",0,"156,458,664",0,0,"23,599,221","180,057,885","333,842,918"
1101 台泥,2022/12,4,Y,12,NTD,"88,842,494","611,802","5,934,753","20,954,299",0,"548,725","35,113,458","2,724,874",0,"16,089,980",0,0,"175,624,058","284,876","22,751,646","9,577,103",0,0,"53,586,673",0,"114,739,983","27,880,416","586,926","586,926","15,503,775","5,323,016","55,777,280","285,184,903","460,808,961","22,416,812","3,065,961","641,522",0,0,"1,774,714","13,691,411","10,521,827","1,063,356",0,0,"400,136","21,511,839",0,"75,209,411",0,0,0,0,0,"72,136,574","42,864,736","14,990,589","3,550,048",0,0,"119,623","12,359,419","147,323,770","222,533,181","71,561,817","2,000,000",0,0,0,"73,561,817","65,985,865","23,950,392","13,004,401","29,572,801","66,527,594","11,991,090","-171,600","217,894,766",0,0,"20,381,014","238,275,780","460,808,961"
1102 亞泥,2022/12,4,Y,12,NTD,"43,486,332","26,710,158","4,833,688","11,238,921",0,"135,578","13,992,365","851,355",0,"8,667,817",0,"36,765","111,449,752",0,"11,494,100","70,561",0,0,"91,718,368","1,594,449","39,795,675","6,789,196","789,858","789,858","4,974,040","37,186,104","60,541,168","212,793,375","324,243,127","28,692,869","27,059,806",0,0,0,"912,816","10,767,697","289,562","1,359,739","24,932",0,"261,250","1,593,990",0,"70,962,661",0,0,0,0,0,"45,100,000","10,415,840",0,"1,302,028","1,040,794",0,"111,146","10,169,111","69,047,221","140,009,882","35,459,276",0,0,0,0,"35,459,276","6,005,713","21,318,344","66,656,628","27,220,222","115,195,194","4,156,664",0,"160,816,847",0,0,"23,416,398","184,233,245","324,243,127"
1101 台泥,2022/09,3,Y,09,NTD,"95,367,543","859,007","5,789,040","17,917,938",0,0,"33,218,170","1,969,769",0,"17,682,787",0,0,"178,596,913",0,"22,180,763","11,646,126",0,0,"48,944,177",0,"112,934,189","27,997,866",0,0,"15,697,201","5,410,610","56,433,565","280,136,686","458,733,599","44,217,526","4,108,056","703,682",0,0,"2,507,559","13,906,734","9,129,948","875,099",0,0,"396,335","432,766",0,"76,481,831",0,0,0,0,0,"89,535,110","39,019,996","15,063,137","3,359,660",0,0,"79,610","12,209,194","160,581,322","237,063,153","67,361,817","2,000,000",0,0,0,"69,361,817","56,817,103","23,950,392","13,038,700","27,285,930","64,275,022","11,131,654","-171,600","201,413,996",0,0,"20,256,450","221,670,446","458,733,599"
1102 亞泥,2022/09,3,Y,09,NTD,"43,367,094","26,707,360","3,904,660","11,737,302",0,"153,773","14,038,828","1,173,337",0,"9,283,511",0,"89,633","113,126,909",0,"10,709,594","73,081",0,0,"92,787,904","1,592,972","40,842,810","6,945,832","857,200","857,200","5,124,286","36,763,487","60,330,746","214,140,139","327,267,048","31,275,872","25,593,009",0,0,0,"1,481,751","9,694,114","290,493","1,308,927","12,769",0,"264,554","1,747,288",0,"71,668,777",0,0,0,0,0,"45,100,000","11,666,570",0,"1,368,082","1,031,446",0,"117,377","10,173,623","70,383,896","142,052,673","35,459,276",0,0,0,0,"35,459,276","5,992,565","21,318,344","66,656,628","26,400,137","114,375,109","5,676,945",0,"161,503,895",0,0,"23,710,480","185,214,375","327,267,048"
1101 台泥,2022/06,2,Y,06,NTD,"100,497,555","897,051","6,167,487","17,901,319",0,"303,734","29,399,946","2,956,738",0,"18,318,975",0,0,"182,214,459",0,"25,435,382","5,302,392",0,0,"47,658,167",0,"107,366,250","27,738,042",0,0,"15,278,120","5,416,901","56,559,517","270,059,750","452,274,209","48,804,574","3,681,025","508,322",0,0,"1,363,052","13,304,491","16,148,974","1,499,768",0,0,"416,216","873,496",0,"86,861,356",0,0,0,0,0,"89,442,081","24,965,582","15,004,165","3,437,272",0,0,"82,272","12,239,829","146,453,922","233,315,278","61,252,340","2,000,000",0,"6,116,173",0,"69,368,513","56,802,786","23,950,392","13,039,860","25,775,129","62,765,381","11,686,482","-200,808","200,422,354",0,0,"18,536,577","218,958,931","452,274,209"
1102 亞泥,2022/06,2,Y,06,NTD,"48,922,235","25,714,152","5,011,860","6,227,294",0,"240,386","13,281,327","4,843,775",0,"8,966,932",0,"122,179","115,705,226",0,"10,532,895","73,081",0,0,"89,098,547","1,591,680","41,043,785","6,954,898","864,883","864,883","5,115,415","36,722,972","60,522,703","210,682,472","326,387,698","26,789,774","24,425,736",0,0,0,"1,154,368","9,981,490","13,280,840","1,297,129","97,767",0,"270,767","3,719,897",0,"81,017,768",0,0,0,0,0,"45,119,987","8,592,984",0,"1,356,110","1,024,677",0,"120,261","10,140,572","67,297,053","148,314,821","35,459,276",0,0,0,0,"35,459,276","5,993,272","21,318,344","66,656,628","21,983,248","109,958,220","3,309,388",0,"154,720,156",0,0,"23,352,721","178,072,877","326,387,698"
1101 台泥,2022/03,1,Y,03,NTD,"98,040,416","370,222","6,978,002","20,341,977",0,"98,979","33,801,330","1,657,847",0,"13,552,203",0,0,"181,032,587",0,"28,349,964","5,874,111",0,0,"48,438,239",0,"103,227,319","28,443,122",0,0,"15,433,901","5,420,880","57,472,929","271,805,684","452,838,271","49,691,467","6,159,512","461,702",0,0,"1,398,293","11,279,929","8,796,167","2,104,940",0,0,"416,321","29,080,294",0,"109,658,131",0,0,0,0,0,"81,616,287","8,455,784","697,646","3,222,571",0,0,"84,705","12,075,590","107,422,385","217,080,516","61,252,340","2,000,000",0,0,0,"63,252,340","56,758,936","21,881,915","13,039,860","40,218,445","75,140,220","20,037,610","-392,343","214,796,763",0,0,"20,960,992","235,757,755","452,838,271"
1102 亞泥,2022/03,1,Y,03,NTD,"38,453,415","25,081,781","7,360,781","9,431,801",0,"188,881","13,345,831","609,174",0,"8,721,208",0,"103,961","106,203,789",0,"11,747,542","61,460",0,0,"91,128,005","1,590,072","42,055,727","7,145,411","890,369","890,369","5,003,579","36,922,070","60,919,112","215,537,698","321,741,487","23,966,913","26,939,924",0,0,0,"1,207,946","10,053,727","293,657","1,451,690","62,908",0,"260,953","1,674,417",0,"65,912,135",0,0,0,0,0,"45,131,966","7,634,708",0,"1,170,526","1,020,916",0,"123,165","10,447,140","66,489,698","132,401,833","35,455,721",0,0,0,0,"35,455,721","5,983,657","19,783,405","66,476,869","31,288,191","117,548,465","5,930,576",0,"164,918,419",0,0,"24,421,235","189,339,654","321,741,487"
1101 台泥,2021/12,4,Y,12,NTD,"91,121,942","363,813","6,387,543","15,508,688",0,"179,035","35,940,929","1,888,290",0,"13,412,511",0,0,"169,353,435",0,"27,835,864","15,468,807",0,0,"46,781,575",0,"98,196,032","27,650,861","373,167","373,167","14,992,784","5,425,680","56,024,818","272,331,124","441,684,559","48,440,514","6,769,046","213,062",0,0,"1,439,222","10,023,071","11,629,253","2,490,823",0,0,"407,652","7,091,417",0,"88,687,968",0,0,0,0,0,"81,526,445","16,695,836","12,680,086","3,261,791",0,0,"143,201","11,922,865","127,341,918","216,029,886","61,252,340","2,000,000",0,0,0,"63,252,340","56,757,470","21,881,915","13,039,860","39,018,077","73,939,852","10,920,014","-392,343","204,477,333",0,0,"21,177,340","225,654,673","441,684,559"
1102 亞泥,2021/12,4,Y,12,NTD,"33,450,618","24,229,761","7,200,544","14,755,328",0,"188,287","14,427,468","568,283",0,"8,813,309",0,"73,780","105,955,718",0,"11,132,674","60,619",0,0,"88,108,186","1,588,689","41,431,732","6,969,037","891,351","891,351","4,756,164","36,843,630","60,918,063","211,100,351","317,056,069","23,699,570","27,887,081",0,0,0,"1,122,135","12,502,369","292,100","2,414,410","74,782",0,"187,274","2,902,645",0,"71,082,366",0,0,0,0,0,"45,131,854","7,050,329",0,"1,084,452","1,027,756",0,"130,949","10,297,825","65,700,817","136,783,183","35,455,721",0,0,0,0,"35,455,721","5,986,339","19,783,405","66,476,869","28,739,477","114,999,751","485,112",0,"156,926,923",0,0,"23,345,963","180,272,886","317,056,069"
1101 台泥,2021/09,3,Y,09,NTD,"59,958,809","335,314","6,180,994","15,157,115",0,0,"36,493,940","1,330,572",0,"11,238,700",0,0,"135,301,674",0,"28,145,542","16,360,700",0,0,"47,538,476",0,"94,726,660","24,714,757",0,0,"14,102,007","5,427,593","54,592,828","266,078,963","401,380,637","35,643,323","6,895,773",0,0,0,"2,410,942","8,274,800","9,399,631","2,132,292",0,0,"364,352","8,202,250",0,"73,505,341",0,0,0,0,0,"61,114,332","18,610,026","11,977,104","2,594,630",0,0,"87,586","11,613,094","106,954,607","180,459,948","61,235,800","2,000,000",0,0,"6,203","63,242,003","55,390,739","21,881,915","13,039,860","33,722,130","68,643,905","14,830,503","-392,343","201,714,807",0,0,"19,205,882","220,920,689","401,380,637"
1102 亞泥,2021/09,3,Y,09,NTD,"33,405,511","17,125,549","3,740,217","16,075,427",0,"143,727","15,967,591","843,836",0,"7,453,192",0,"60,465","98,148,726",0,"11,078,421","60,619",0,0,"86,211,972","1,587,257","41,578,114","7,006,131","593,468","593,468","4,924,446","36,671,838","61,023,158","209,139,140","307,287,866","18,159,292","21,603,774",0,0,0,"1,560,240","9,804,366","473,500","1,319,952","15,000",0,"195,895","3,900,759",0,"57,032,778",0,0,0,0,0,"45,178,844","17,396,328",0,"1,123,196","963,526",0,"154,814","10,200,669","76,015,970","133,048,748","34,460,572",0,"981,169",0,0,"35,441,741","5,972,507","19,783,405","66,476,869","24,485,730","110,746,004","-457,366",0,"151,702,886",0,0,"22,536,232","174,239,118","307,287,866"
1101 台泥,2021/06,2,Y,06,NTD,"63,835,177","362,554","6,097,715","7,593,330",0,0,"32,778,256","1,069,266",0,"9,050,183","8,775,403",0,"133,913,872",0,"26,374,488","16,394,154",0,0,"48,819,599",0,"88,543,009","19,327,466",0,0,"13,366,320","5,437,080","54,433,009","253,891,725","387,805,597","33,348,861","4,995,039",0,0,0,"1,388,618","7,329,827","9,200,675","2,708,808",0,"7,366,853","331,059","4,600,500",0,"71,317,037",0,0,0,0,0,"44,569,541","21,578,225","4,992,007","2,196,179",0,0,"66,840","11,681,069","85,959,982","157,277,019","59,574,403","2,000,000",0,0,"1,661,397","63,235,800","55,380,287","19,351,361","13,039,860","53,595,931","85,987,152","12,721,098","-392,343","216,931,994",0,0,"13,596,584","230,528,578","387,805,597"
1102 亞泥,2021/06,2,Y,06,NTD,"34,503,951","14,849,206","4,262,380","16,362,145",0,"198,892","15,455,339","3,528,399",0,"7,039,445",0,"8,643","98,193,043",0,"10,804,896","61,019",0,0,"85,137,373","1,541,462","52,163,938","7,035,168","753,776","753,776","5,049,173","36,657,283","51,447,047","208,944,679","307,137,722","24,320,572","13,806,307","599,338",0,0,"900,808","9,456,234","12,419,932","1,425,379","15,000",0,"213,514","11,602,256",0,"74,759,340",0,0,0,0,0,"38,800,000","15,395,009",0,"1,175,760","937,036",0,"160,598","10,109,678","67,598,100","142,357,440","33,673,795",0,0,0,0,"33,673,795","1,634,414","19,783,405","66,476,869","21,096,793","107,357,067","-93,068",0,"142,572,208",0,0,"22,208,074","164,780,282","307,137,722"
1101 台泥,2021/03,1,Y,03,NTD,"58,958,539","344,694","5,721,861","9,459,089",0,0,"33,159,604","655,178",0,"7,779,906","10,453,562",0,"130,708,958",0,"32,628,494","16,830,712",0,0,"48,566,560",0,"87,517,403","19,485,447",0,0,"13,544,117","5,446,310","54,335,343","259,363,959","390,072,917","34,341,574","5,244,925",0,0,0,"4,797,343","6,461,632","8,695,316","3,559,196",0,"6,654,095","334,155","4,520,000",0,"74,652,169",0,0,0,0,0,"49,555,822","20,500,521","4,991,392","2,129,894",0,0,"68,546","11,685,987","89,790,734","164,442,903","58,956,456","2,000,000",0,0,"617,947","61,574,403","52,019,465","19,351,361","13,039,860","44,775,489","77,166,710","20,449,164","-499,691","210,710,051",0,0,"14,919,963","225,630,014","390,072,917"
1102 亞泥,2021/03,1,Y,03,NTD,"26,264,176","15,557,601","4,391,002","16,489,639",0,"137,477","15,922,033","509,174",0,"6,312,098",0,"8,983","87,445,807",0,"11,018,523","65,759",0,0,"85,458,351","1,506,597","52,181,034","7,153,623","678,019","678,019","5,136,875","36,618,854","51,736,412","209,798,318","297,244,125","19,466,042","13,494,163","428,836",0,0,"1,040,422","8,197,686","390,877","1,565,387","15,000",0,"228,146","9,591,743",0,"54,418,302",0,0,0,0,0,"38,800,000","16,998,375",0,"1,202,287","914,099",0,"162,595","10,239,645","69,352,377","123,770,679","33,614,472",0,0,0,0,"33,614,472","1,483,851","18,473,057","65,267,773","31,001,091","114,741,921","978,837",0,"150,819,081",0,0,"22,654,365","173,473,446","297,244,125"
1101 台泥,2020/12,4,Y,12,NTD,"51,433,522","353,986","5,596,471","15,769,277",0,0,"39,315,315","1,077,074",0,"7,941,755",0,0,"124,309,171",0,"31,903,287","16,475,021",0,0,"50,133,844",0,"92,108,972","19,563,960","636,207","636,207","13,451,125","5,451,434","54,375,774","265,197,065","389,506,236","34,675,454","6,247,029",0,0,0,"5,226,637","6,137,904","10,669,913","3,914,955",0,0,"315,451","4,805,000",0,"72,103,708",0,0,0,0,0,"53,897,370","24,998,481","4,991,327","1,978,361",0,0,"72,845","11,754,270","98,572,475","170,676,183","57,414,007","2,000,000",0,0,"688,542","60,102,549","49,122,450","19,351,361","13,039,860","41,808,297","74,199,518","21,146,991","-499,691","204,071,817",0,0,"14,758,236","218,830,053","389,506,236"
1102 亞泥,2020/12,4,Y,12,NTD,"25,911,732","14,864,809","4,252,727","16,575,640",0,"98,607","16,548,616","580,809",0,"6,596,268",0,"9,434","87,023,947",0,"11,127,995","52,778",0,0,"84,873,235","1,505,147","52,820,212","7,254,262","690,705","690,705","4,938,963","36,589,248","51,738,574","210,062,908","297,086,855","19,214,889","13,881,948","425,693",0,0,"1,193,754","9,563,680","377,739","2,954,930","52,000",0,"222,101","16,140,876",0,"64,027,610",0,0,0,0,0,"38,800,000","10,944,833",0,"1,158,824","915,754",0,"173,189","10,115,317","63,172,293","127,199,903","33,614,472",0,0,0,0,"33,614,472","1,492,584","18,473,057","65,267,773","27,842,666","111,583,496","1,078,007",0,"147,768,559",0,0,"22,118,393","169,886,952","297,086,855"
1101 台泥,2020/09,3,Y,09,NTD,"44,312,180","323,517","5,168,519","12,348,988",0,0,"38,799,526","1,364,357","110,000","8,457,184",0,0,"114,553,490",0,"34,496,339","20,301,926",0,0,"47,935,215",0,"89,423,889","19,315,631",0,0,"12,416,305","5,456,950","53,379,558","264,852,558","379,406,048","33,636,384","7,215,383",0,0,0,"5,884,277","6,462,908","8,768,159","2,874,404",0,0,"343,689","5,061,151",0,"70,382,185",0,0,0,0,0,"55,851,873","26,250,646","4,991,269","1,959,022",0,0,"67,806","11,635,749","101,450,266","171,832,451","57,414,007","2,000,000",0,0,0,"59,414,007","47,637,455","19,351,361","13,039,860","35,020,489","67,411,710","19,439,117","-499,691","193,402,598",0,0,"14,170,999","207,573,597","379,406,048"
1102 亞泥,2020/09,3,Y,09,NTD,"37,609,519","10,138,644","3,985,225","15,747,291",0,"64,401","15,672,259","660,004",0,"7,351,244",0,"6,777","93,073,533",0,"10,560,890","52,778",0,0,"83,074,354","4,188,135","51,292,721","7,208,746","606,031","606,031","4,879,311","36,571,620","52,012,886","208,996,541","302,070,074","26,003,606","20,281,892","231,280",0,0,"1,659,040","9,183,332","374,815","1,842,450","51,415",0,"215,751","12,123,479",0,"71,967,060",0,0,0,0,0,"29,400,000","20,697,983",0,"1,175,566","719,894",0,"160,202","10,043,588","63,410,573","135,377,633","33,614,472",0,0,0,0,"33,614,472","1,459,679","18,473,057","65,267,773","25,053,928","108,794,758","-1,415,587",0,"142,453,322",0,0,"24,239,119","166,692,441","302,070,074"
1101 台泥,2020/06,2,Y,06,NTD,"59,005,748","492,238","5,392,561","15,741,435",0,0,"31,363,082","1,785,243",0,"8,164,930",0,0,"125,133,183",0,"33,944,686","18,259,429",0,0,"46,623,322",0,"88,940,964","19,168,377",0,0,"12,232,441","5,463,136","52,430,131","259,366,909","384,500,092","37,941,935","4,346,458",0,0,0,"4,915,311","7,282,218","24,515,030","2,912,678",0,0,"374,569","3,212,753",0,"85,597,499",0,0,0,0,0,"55,846,464","27,190,805","4,995,546","2,003,643",0,0,"75,381","11,632,365","102,441,359","188,038,858","54,656,192","2,000,000",0,"2,728,810",0,"59,385,002","48,019,924","19,351,361","13,039,860","27,547,875","59,939,096","16,208,790","-499,691","183,053,121",0,0,"13,408,113","196,461,234","384,500,092"
1102 亞泥,2020/06,2,Y,06,NTD,"20,375,076","5,254,285","4,706,162","33,290,406",0,"61,620","15,351,005","4,314,225",0,"7,600,004",0,"6,782","92,590,336",0,"10,521,536","67,101",0,0,"81,547,199","1,440,813","50,670,070","6,712,841","535,627","535,627","4,917,771","36,459,618","52,182,580","203,677,767","296,268,103","26,288,464","17,011,438","132,360",0,0,"986,855","9,514,282","10,828,659","1,466,640","51,831",0,"215,888","9,064,605",0,"75,561,022",0,0,0,0,0,"32,525,398","15,387,028",0,"1,249,462","732,530",0,"159,804","9,798,841","61,188,288","136,749,310","33,614,472",0,0,0,0,"33,614,472","1,458,935","18,473,057","65,267,773","20,071,290","103,812,120","-2,014,089",0,"136,871,438",0,0,"22,647,355","159,518,793","296,268,103"
1101 台泥,2020/03,1,Y,03,NTD,"33,747,714","442,509","4,665,973","13,473,933","281,203",0,"32,121,843","1,395,590",0,"8,504,002",0,0,"98,082,786",0,"36,074,411","16,180,161",0,0,"47,007,645",0,"89,273,486","19,374,775",0,0,"12,338,691","5,468,639","53,245,362","261,155,840","359,238,626","31,805,225","5,156,183",0,0,0,"4,764,361","7,037,205","8,261,065","3,505,995",0,0,"350,023","3,198,714",0,"64,175,520",0,0,0,0,0,"35,792,756","25,778,768","11,805,234","1,944,905",0,0,"77,788","11,622,501","87,724,983","151,900,503","54,656,192","2,000,000",0,0,0,"56,656,192","48,015,947","16,902,616","13,049,062","38,774,023","68,725,701","19,145,877","-348,959","192,194,758",0,0,"15,143,365","207,338,123","359,238,626"
1102 亞泥,2020/03,1,Y,03,NTD,"29,628,489","4,978,032","4,257,832","30,314,689",0,"61,605","18,406,281","602,592",0,"8,119,424",0,"6,589","98,316,766",0,"9,857,076","59,662",0,0,"83,040,473","1,441,615","50,983,833","6,896,715","530,121","530,121","5,013,651","36,372,710","52,312,651","205,122,146","303,438,912","29,338,695","19,801,186","141,430",0,0,"930,160","11,963,624","548,389","1,329,008","51,246",0,"188,677","7,096,396",0,"71,388,811",0,0,0,0,0,"19,303,063","33,605,606",0,"1,265,396","725,707",0,"159,427","9,968,006","66,217,729","137,606,540","33,614,472",0,0,0,0,"33,614,472","1,456,060","16,727,089","64,463,426","28,092,169","109,282,684","-2,171,373",0,"142,181,843",0,0,"23,650,529","165,832,372","303,438,912"
1101 台泥,2019/12,4,Y,12,NTD,"53,572,620","502,005","7,180,745","4,745,911",0,0,"40,396,720","1,302,351",0,"8,132,977",0,0,"118,145,990",0,"36,120,339","984,716",0,0,"47,631,870",0,"89,881,319","19,656,118","631,063","631,063","12,734,286","6,322,209","54,430,970","249,336,395","367,482,385","30,445,048","5,875,398",0,0,0,"5,041,554","7,427,013","11,225,404","4,443,343",0,0,"416,346","1,624,138",0,"66,532,743",0,0,0,0,0,"35,699,778","30,553,035","11,800,966","2,073,806",0,0,"97,401","11,588,934","92,487,775","159,020,518","54,656,192","2,000,000",0,0,0,"56,656,192","48,015,947","16,902,616","13,049,062","35,674,355","65,626,033","23,734,855","-348,959","193,684,068",0,0,"14,777,799","208,461,867","367,482,385"
1102 亞泥,2019/12,4,Y,12,NTD,"24,735,495","4,728,223","3,978,366","23,016,985",0,"68,412","22,122,290","481,800",0,"7,789,794",0,"6,785","89,242,066",0,"11,692,138","36,064",0,0,"84,412,240","1,437,673","50,681,281","7,000,317","474,929","474,929","5,080,287","36,176,439","52,301,804","208,036,446","297,278,512","23,811,603","18,932,294","112,070",0,0,"1,063,408","13,523,769","542,220","2,957,672","50,661",0,"190,607","13,151,315",0,"74,335,619",0,0,0,0,0,"19,280,807","20,820,990",0,"1,264,765","715,432",0,"164,208","9,991,422","53,493,855","127,829,474","33,614,472",0,0,0,0,"33,614,472","1,456,054","16,727,089","64,463,426","27,373,840","108,564,355","2,432,477",0,"146,067,358",0,0,"23,381,680","169,449,038","297,278,512"
1101 台泥,2019/09,3,Y,09,NTD,"46,970,348","486,994","6,840,257","5,452,579","161,874",0,"39,030,081","1,544,673",0,"9,545,675",0,0,"113,084,223",0,"31,385,408","890,246",0,0,"47,597,673",0,"90,649,035","19,894,226",0,0,"12,868,948","6,328,556","54,921,436","245,338,024","358,422,247","36,935,736","6,004,241","4,940",0,0,"5,920,047","8,208,655","8,668,744","2,771,720",0,0,"371,475","700,757",0,"69,707,934",0,0,0,0,0,"35,607,642","28,742,895","11,803,900","2,035,534",0,0,"73,208","11,430,615","90,314,401","160,022,335","54,656,192","2,000,000",0,0,0,"56,656,192","48,305,425","16,902,616","13,049,062","28,906,309","58,857,987","20,220,735","-348,959","183,691,380",0,0,"14,708,532","198,399,912","358,422,247"
1102 亞泥,2019/09,3,Y,09,NTD,"19,051,331","4,448,739","3,857,491","25,208,296",0,"66,152","21,767,037","1,218,352",0,"8,438,929",0,"12,315","86,685,200",0,"11,123,563","20,233",0,0,"82,901,375","2,051,489","50,983,307","3,629,714","482,257","482,257","5,140,152","36,127,211","52,515,531","203,707,469","290,392,669","23,456,510","15,719,179","269,179",0,0,"1,591,789","8,006,207","546,733","1,683,404","50,150",0,"211,292","13,428,141",0,"64,962,584",0,0,0,0,0,"19,258,630","27,336,774",0,"1,199,996","691,565",0,"179,282","9,646,424","59,751,391","124,713,975","33,614,472",0,0,0,0,"33,614,472","1,445,214","16,727,089","64,461,249","22,708,924","103,897,262","4,243,580",0,"143,200,528",0,0,"22,478,166","165,678,694","290,392,669"
1101 台泥,2019/06,2,Y,06,NTD,"61,818,117","536,199","6,966,937","4,981,814","195,678",0,"35,342,316","1,918,580",0,"9,183,065",0,0,"124,156,318",0,"32,132,088","885,085",0,0,"47,469,904",0,"91,597,324","20,452,194",0,0,"13,369,307","6,333,976","56,453,372","248,989,967","373,146,285","34,510,317","5,643,258","8,537",0,0,"4,546,024","8,445,658","26,241,689","2,205,322",0,0,"346,563","70,667",0,"82,156,400",0,0,0,0,0,"35,516,276","20,515,893","22,478,776","2,083,963",0,0,"73,891","11,461,375","92,729,760","174,886,160","51,080,599","2,000,000",0,"3,575,593",0,"56,656,192","47,960,476","16,902,616","13,049,062","22,368,762","52,320,440","27,398,558","-329,251","184,006,415",0,0,"14,253,710","198,260,125","373,146,285"
1102 亞泥,2019/06,2,Y,06,NTD,"16,380,115","8,896,166","3,931,694","23,898,989",0,"103,703","21,715,272","5,142,061",0,"9,111,770",0,"11,388","91,145,606",0,"10,815,613","14,716",0,0,"81,960,550","2,049,803","52,874,629","3,702,347","431,661","431,661","5,286,832","36,050,966","52,745,120","204,594,439","295,740,045","25,207,257","14,119,591","126,009",0,0,"1,056,550","8,395,379","10,259,508","1,308,837","46,773",0,"210,644","8,558,217",0,"69,288,765",0,0,0,0,0,"18,736,531","32,073,521",0,"1,215,551","688,765",0,"179,018","9,401,078","63,804,993","133,093,758","33,614,472",0,0,0,0,"33,614,472","1,444,931","16,727,089","64,463,426","18,320,923","99,511,438","6,244,236",0,"140,815,077",0,0,"21,831,210","162,646,287","295,740,045"
1101 台泥,2019/03,1,Y,03,NTD,"57,474,854","520,052","6,757,937","4,690,194",0,0,"36,091,949","953,084",0,"10,077,503",0,0,"120,649,402",0,"31,241,143","497,859",0,0,"47,175,766",0,"91,816,496","20,698,252",0,0,"9,445,872","6,339,107","53,446,113","244,875,629","365,525,031","42,215,791","7,591,289","46,826",0,0,"4,998,875","7,844,113","10,144,147","3,456,611",0,0,"356,284","78,667",0,"76,865,453",0,0,0,0,0,"22,865,233","18,977,703","22,476,017","2,115,963",0,0,"93,249","11,391,839","78,503,617","155,369,070","51,080,599","2,000,000",0,0,0,"53,080,599","47,956,296","14,784,534","13,049,062","37,706,966","65,540,562","27,556,827","-2,545","194,131,739",0,0,"16,024,222","210,155,961","365,525,031"
1102 亞泥,2019/03,1,Y,03,NTD,"15,997,962","10,193,951","3,937,075","16,826,839",0,"101,860","22,433,509","1,196,319",0,"9,550,281",0,"26,087","81,800,166",0,"10,317,738","14,796",0,0,"82,705,156","2,045,620","53,002,994","3,755,002","427,930","427,930","5,282,060","36,008,823","52,840,149","205,109,385","286,909,551","24,635,036","17,329,813","201,774",0,0,"1,105,170","7,791,709","560,510","1,343,655","48,200",0,"197,680","9,419,977",0,"62,633,524",0,0,0,0,0,"12,214,510","33,223,494",0,"1,155,541","682,791",0,"186,900","9,382,500","58,305,961","120,939,485","33,614,472",0,0,0,0,"33,614,472","1,444,920","15,615,380","63,945,145","23,142,730","102,703,255","5,792,784",0,"143,555,431",0,0,"22,414,635","165,970,066","286,909,551"
1101 台泥,2018/12,4,Y,12,NTD,"48,507,889","549,838","6,334,259","2,664,157",0,0,"38,236,336","979,914",0,"9,464,303",0,0,"110,380,695",0,"25,792,169","470,199",0,0,"46,247,974",0,"91,093,825","20,427,352","708,612","708,612",-,"6,344,460","48,964,292","233,704,423","344,085,118","26,226,051","7,402,214","139,460",0,0,"5,114,644","7,808,921","11,683,170","4,090,640",0,0,-,"1,923,945",0,"64,503,844",0,0,0,0,0,"22,777,693","24,631,973","22,476,880",-,0,0,"210,515","11,326,154","82,201,818","146,705,662","51,080,599","2,000,000",0,0,0,"53,080,599","47,836,241","14,784,534","13,049,062","33,755,165","61,588,761","19,038,454","-2,545","181,541,510",0,0,"15,837,946","197,379,456","344,085,118"
1102 亞泥,2018/12,4,Y,12,NTD,"14,929,411","9,046,583","3,800,923","14,322,874",0,"147,528","23,156,323","2,964,751",0,"9,804,276",0,"15,901","80,358,506",0,"9,784,743","14,642",0,0,"78,846,276","2,042,722","52,549,341","3,694,783","436,238","436,238",-,"35,965,203","51,460,747","198,829,492","279,187,998","24,805,239","18,564,469","268,218",0,0,"806,927","8,278,934","566,027","2,181,268","48,200",0,-,"7,285,012",0,"62,804,294",0,0,0,0,0,"12,192,567","33,593,896",0,-,"679,377",0,"185,107","9,365,429","57,335,358","120,139,652","33,614,472",0,0,0,0,"33,614,472","1,362,554","15,615,380","63,945,145","20,358,461","99,918,986","2,996,214",0,"137,892,226",0,0,"21,156,120","159,048,346","279,187,998"
1101 台泥,2018/09,3,Y,09,NTD,"42,980,849","600,410","6,904,065","3,089,250",0,0,"35,272,762","750,387","511,421","9,012,327",0,0,"102,799,758",0,"34,177,250",0,0,0,"9,491,833",0,"91,303,900","20,240,191",0,0,-,"6,349,743","50,356,629","205,569,803","308,369,561","22,471,574","6,164,409",0,0,0,"5,850,094","7,961,973","8,142,087","2,545,873",0,0,-,"9,302,047",0,"62,799,418",0,0,0,0,0,"11,976,444","36,055,682",0,-,0,0,"205,696","11,201,166","59,918,818","122,718,236","51,080,599",0,0,0,0,"51,080,599","38,546,478","14,784,534","13,049,062","26,434,317","54,267,913","26,446,314","-218,166","170,123,138",0,0,"15,528,187","185,651,325","308,369,561"
1102 亞泥,2018/09,3,Y,09,NTD,"16,170,969","9,981,555","3,838,486","11,016,854",0,0,"22,525,134","3,245,489",0,"8,319,891",0,"28,074","77,813,852",0,"21,623,961","18,957",0,0,"69,007,787","2,775,653","49,846,224","4,359,065","461,077","461,077",-,"35,815,721","51,203,332","199,296,056","277,109,908","25,172,614","22,467,709","231,290",0,0,"1,280,434","7,621,407","551,958","1,085,134","47,146",0,-,"8,665,405",0,"67,123,097",0,0,0,0,0,"12,170,701","29,188,663",0,-,"681,087",0,"174,605","8,513,048","51,921,314","119,044,411","33,614,472",0,0,0,0,"33,614,472","1,360,202","15,615,380","63,945,145","21,600,595","101,161,120","2,082,107",0,"138,217,901",0,0,"19,847,596","158,065,497","277,109,908"
1101 台泥,2018/06,2,Y,06,NTD,"45,981,224","623,614","6,577,217","1,758,185",0,0,"32,772,358","997,233",0,"8,925,428",0,0,"101,149,991",0,"33,246,422",0,0,0,"9,386,559",0,"93,704,491","20,837,342",0,0,-,"6,355,105","51,577,387","208,752,201","309,902,192","20,523,737","5,539,021",0,0,0,"5,158,993","9,369,569","16,443,770","2,049,322",0,0,-,"6,571,931",0,"65,772,816",0,0,0,0,0,"11,976,044","54,040,763",0,-,0,0,"206,035","11,196,189","77,912,234","143,685,050","42,465,090",0,0,"4,240,509",0,"46,705,599","26,109,830","14,784,534","13,049,062","20,500,379","48,333,975","30,338,467","-218,166","151,269,705",0,0,"14,947,437","166,217,142","309,902,192"
1102 亞泥,2018/06,2,Y,06,NTD,"9,127,324","6,263,957","3,686,447","2,506,824",0,0,"21,451,946","5,876,845",0,"8,087,115",0,"24,070","59,629,423",0,"21,139,265","159,647",0,0,"67,154,302","1,992,126","52,295,311","4,532,916","434,961","434,961",-,"35,800,871","51,306,590","199,015,118","258,644,541","20,615,713","19,321,101",0,0,0,"915,303","7,520,462","4,873,416","965,380","47,146",0,-,"6,510,309",0,"60,768,830",0,0,0,0,0,"6,000,000","27,080,231",0,-,"681,322",0,"174,274","8,278,961","43,439,965","104,208,795","33,614,472",0,0,0,0,"33,614,472","1,174,559","15,615,380","63,945,145","18,535,290","98,095,815","2,198,090",0,"135,082,936",0,0,"19,352,810","154,435,746","258,644,541"
1101 台泥,2018/03,1,Y,03,NTD,"24,192,833","550,256","6,484,726","1,913,541",0,0,"28,282,026","559,495",0,"9,209,460",0,0,"75,261,374",0,"30,222,283",0,0,0,"8,855,843",0,"95,243,836","21,011,468",0,0,-,"6,376,977","52,493,780","207,827,210","283,088,584","16,837,620","5,467,299",0,0,0,"4,691,913","7,601,638","8,102,859","1,709,075",0,0,-,"8,754,600",0,"53,357,480",0,0,0,0,0,0,"52,047,073",0,-,0,0,"206,439","11,168,709","63,969,234","117,326,714","42,465,090",0,0,0,0,"42,465,090","25,870,809","14,025,109","13,049,392","24,796,287","51,870,788","29,549,421","-218,166","149,537,942",0,0,"16,223,928","165,761,870","283,088,584"
1102 亞泥,2018/03,1,Y,03,NTD,"10,204,539","6,313,369","3,483,820","2,070,582",0,0,"18,760,026","3,053,929",0,"7,611,168",0,"20,221","54,268,970",0,"16,805,757","159,727",0,0,"66,380,908","1,973,844","53,494,908","4,591,385","760,333","760,333",-,"35,777,621","51,464,037","195,630,899","249,899,869","20,089,494","15,689,630",0,0,0,"664,006","7,540,907","553,729","1,099,753","47,646",0,-,"5,125,291",0,"50,810,456",0,0,0,0,0,"10,000,000","30,288,540",0,-,"609,937",0,"173,962","8,134,285","50,455,950","101,266,406","33,614,472",0,0,0,0,"33,614,472","1,168,705","15,068,480","63,001,957","19,736,252","97,806,689","-3,053,056",0,"129,536,810",0,0,"19,096,653","148,633,463","249,899,869"
1101 台泥,2017/12,4,Y,12,NTD,"26,331,218","147,049","25,101,220",0,0,0,"27,306,164","755,024",0,"8,354,522",0,0,"92,719,914","582,819","3,455,938",0,0,-,"7,940,701",0,"94,709,404","20,852,624","828,101","828,101",-,"6,374,920","51,467,548","179,837,135","272,557,049","20,314,112","7,991,417",0,0,-,"4,548,755","7,789,179","8,839,408","1,651,042",0,0,-,"13,910,242",0,"65,192,960",0,0,-,-,0,0,"43,494,968",0,-,0,0,"211,697","10,397,776","54,716,873","119,909,833","42,465,090",0,0,0,0,"42,465,090","25,739,065","14,025,109","13,049,635","21,944,766","49,019,510","19,124,539",0,"136,348,204",0,0,"16,299,012","152,647,216","272,557,049"
1102 亞泥,2017/12,4,Y,12,NTD,"7,739,492","322,080","7,805,406","4,380,928",0,0,"18,266,303","3,042,831",0,"6,572,982",0,"23,145","50,262,702","1,300,668","18,072,678","150,549",0,-,"64,859,378","1,959,002","53,738,838","4,552,561","564,185","564,185",-,"35,745,411","51,603,787","196,801,646","247,064,348","18,410,863","16,124,918",0,0,-,"816,299","7,659,237","535,775","1,155,972","47,646",0,-,"9,197,457",0,"53,948,167",0,0,-,-,0,"10,000,000","27,277,821",0,-,"451,056",0,"193,291","8,100,162","47,319,817","101,267,984","33,614,472",0,0,0,0,"33,614,472","1,168,692","15,068,480","63,001,957","16,125,837","94,196,274","-1,543,873",0,"127,435,565",0,0,"18,360,799","145,796,364","247,064,348"
1101 台泥,2017/09,3,Y,09,NTD,"26,608,300","147,571","20,061,583",0,0,0,"22,806,321","624,840",0,"9,493,855",0,0,"85,320,202","583,023","5,587,598",0,0,-,"7,808,566",0,"96,681,867","20,695,038",0,0,-,"6,065,297","52,781,602","184,137,694","269,457,896","24,346,180","7,967,148",0,0,-,"4,396,158","8,041,997","7,334,015","811,229",0,0,-,"12,176,652",0,"65,268,003",0,0,-,-,0,0,"40,246,010",0,-,0,0,"160,052","10,282,372","51,223,324","116,491,327","36,921,759",0,0,0,0,"36,921,759","13,535,897","14,025,109","13,050,484","19,857,088","46,932,681","14,831,885",0,"112,222,222",0,0,"40,744,347","152,966,569","269,457,896"
1102 亞泥,2017/09,3,Y,09,NTD,"7,620,224","318,051","7,932,160","3,116,695",0,0,"16,514,884","3,187,127",0,"7,015,558",0,"24,117","47,911,706","1,301,770","18,867,146","149,545",0,-,"64,480,953","1,955,331","54,768,931","4,730,917","526,081","526,081",-,"35,688,098","51,559,610","198,340,284","246,251,990","20,430,084","16,354,064",0,0,-,"1,070,301","6,586,311","551,195","432,226","9,897",0,-,"7,573,336",0,"53,007,414",0,0,-,-,0,"10,000,000","29,369,613",0,-,"325,971",0,"168,066","8,064,214","49,216,659","102,224,073","33,614,472",0,0,0,0,"33,614,472","1,168,417","15,068,480","63,001,881","14,265,031","92,335,392","-835,250",0,"126,283,031",0,0,"17,744,886","144,027,917","246,251,990"
1101 台泥,2017/06,2,Y,06,NTD,"25,529,191","147,673","18,168,327",0,0,0,"20,653,913","1,055,251","23,976","9,360,034",0,0,"79,333,009","583,097","4,596,508",0,0,-,"7,460,840",0,"96,760,640","20,527,954",0,0,-,"6,059,390","52,890,042","182,819,081","262,152,090","21,669,150","5,193,780",0,0,-,"3,706,791","7,466,214","12,513,721","997,897",0,0,-,"12,196,596",0,"63,839,647",0,0,-,-,0,0,"41,947,717",0,-,0,0,"160,030","10,242,024","52,947,040","116,786,687","36,921,759",0,0,0,0,"36,921,759","13,534,162","14,025,109","13,050,484","17,890,231","44,965,824","10,750,464",0,"106,172,209",0,0,"39,193,194","145,365,403","262,152,090"
1102 亞泥,2017/06,2,Y,06,NTD,"9,800,773","347,692","7,969,692","5,886,479",0,0,"14,580,025","5,037,187",0,"7,297,334",0,"17,646","53,104,700","1,302,872","15,592,799","146,157",0,-,"63,488,306","1,943,780","55,206,487","4,675,930","804,766","804,766",-,"35,564,304","51,561,521","194,722,618","247,827,318","20,940,641","21,501,395",0,0,-,"658,878","6,836,313","3,963,809","356,846","9,897",0,-,"6,957,401",0,"61,225,180",0,0,-,-,0,"10,000,000","29,136,084",0,-,"321,949",0,"167,702","8,041,075","48,981,669","110,206,849","33,614,472",0,0,0,0,"33,614,472","1,167,449","15,068,480","63,001,881","12,341,358","90,411,719","-4,806,460",0,"120,387,180",0,0,"17,233,289","137,620,469","247,827,318"
1101 台泥,2017/03,1,Y,03,NTD,"25,012,886","144,582","17,804,327",0,0,0,"19,663,454","605,343","132,112","8,605,274",0,0,"76,640,360","588,952","4,367,409",0,0,-,"7,225,397",0,"97,239,324","20,413,613",0,0,-,"6,065,452","53,070,723","182,905,418","259,545,778","20,237,135","7,196,444",0,0,-,"3,631,905","7,345,583","6,868,160","1,273,581",0,0,-,"9,122,226",0,"55,787,736",0,0,-,-,0,0,"45,141,291",0,-,0,0,"183,907","10,205,024","56,209,721","111,997,457","36,921,759",0,0,0,0,"36,921,759","13,534,162","13,389,264","13,050,484","21,730,020","48,169,768","9,135,908",0,"107,761,597",0,0,"39,786,724","147,548,321","259,545,778"
1102 亞泥,2017/03,1,Y,03,NTD,"9,575,355","334,068","6,683,896","1,948,471",0,0,"14,086,521","2,925,635",0,"6,704,386",0,"18,687","44,074,607","1,303,972","15,253,783","144,779",0,-,"64,670,678","1,937,126","55,331,036","4,606,824","808,900","808,900",-,"35,313,714","54,424,152","198,481,250","242,555,857","18,938,168","21,467,327",0,0,-,"696,268","6,474,851","524,252","433,236","9,897",0,-,"819,722",0,"49,363,721",0,0,-,-,0,"14,089,269","30,886,822",0,-,"319,121",0,"167,839","8,035,454","54,818,688","104,182,409","33,614,472",0,0,0,0,"33,614,472","1,167,882","14,673,903","62,120,862","15,036,856","91,831,621","-5,393,600",0,"121,220,375",0,0,"17,153,073","138,373,448","242,555,857"
1101 台泥,2016/12,4,Y,12,NTD,"28,179,758","148,488","15,536,693",0,0,0,"19,929,687","814,569","138,266","8,893,965",0,0,"77,884,012","589,736","4,190,855",0,0,-,"7,444,947",0,"101,799,766","21,175,282","915,502","915,502",-,"6,073,056","52,988,596","189,104,684","266,988,696","20,635,324","5,921,518",0,0,-,"3,352,902","7,899,677","7,732,857","1,324,329",0,0,-,"8,163,950",0,"55,104,919",0,0,-,-,0,0,"53,342,059",0,-,0,0,"184,115","10,213,967","64,487,106","119,592,025","36,921,759",0,0,0,0,"36,921,759","13,534,162","13,389,264","13,050,484","20,897,776","47,337,524","8,974,606",0,"106,768,051",0,0,"40,628,620","147,396,671","266,988,696"
1102 亞泥,2016/12,4,Y,12,NTD,"7,450,006","327,875","6,346,839","2,507,290",0,0,"14,524,858","2,740,861",0,"6,920,598",0,"25,222","42,148,568","1,310,918","13,800,282","151,846",0,-,"65,435,100","4,247","58,832,486","4,866,642","861,406","861,406",-,"35,281,745","51,059,290","196,322,217","238,470,785","18,900,622","12,032,043",0,0,-,"785,952","7,328,265","545,698","429,732","9,655",0,-,"825,563",0,"40,857,530",0,0,-,-,0,"14,094,681","32,842,810",0,-,"327,662",0,"167,129","8,137,817","56,950,034","97,807,564","33,614,472",0,0,0,0,"33,614,472","1,167,881","14,673,903","62,119,922","14,805,588","91,599,413","-3,718,689",0,"122,663,077",0,0,"18,000,144","140,663,221","238,470,785"
1101 台泥,2016/09,3,Y,09,NTD,"27,229,371","162,966","15,375,305",0,0,0,"16,940,658","654,323","517,873","8,221,800",0,0,"74,178,175","810,435","4,026,846",0,0,-,"7,724,396",0,"104,145,693","21,389,833",0,0,-,"5,976,780","52,802,568","190,899,771","265,077,946","21,325,725","7,678,660",0,0,-,"3,693,223","6,650,515","7,159,521","795,600",0,0,-,"14,575,718",0,"61,983,521",0,0,-,-,0,0,"46,359,096",0,-,0,0,"191,831","10,271,611","57,636,521","119,620,042","36,921,759",0,0,0,0,"36,921,759","13,534,162","13,389,264","13,050,495","18,768,736","45,208,495","9,511,612",0,"105,176,028",0,0,"40,281,876","145,457,904","265,077,946"
1102 亞泥,2016/09,3,Y,09,NTD,"5,620,949","360,146","6,362,741","3,945,444",0,0,"14,257,669","2,924,586",0,"6,215,531",0,"12,348","41,216,329","1,311,909","13,669,012","157,824",0,-,"64,904,723","2,101","60,475,826","4,950,551","878,881","878,881",-,"34,837,656","50,960,083","197,310,910","238,527,239","22,624,852","16,319,514",0,0,-,"787,087","7,338,465","551,250","253,508","9,655",0,-,"3,696,077",0,"51,580,408",0,0,-,-,0,"14,091,664","24,151,070",0,-,"322,755",0,"184,062","7,525,028","47,627,893","99,208,301","33,614,472",0,0,0,0,"33,614,472","1,167,204","14,673,903","62,263,167","13,256,978","90,194,048","-3,414,094",0,"121,561,630",0,0,"17,757,308","139,318,938","238,527,239"
1101 台泥,2016/06,2,Y,06,NTD,"26,182,757","146,656","14,095,190",0,0,0,"17,107,837","913,977","534,646","8,314,191",0,0,"72,814,811","810,789","3,932,343",0,0,-,"7,724,871",0,"107,998,519","21,978,037",0,0,-,"5,983,608","53,517,951","195,962,510","268,777,321","15,749,372","5,851,897",0,0,-,"2,938,293","6,804,530","12,042,103","877,862",0,0,-,"14,469,773",0,"58,857,466",0,0,-,-,0,0,"51,772,729",0,-,0,0,"239,952","10,297,263","63,147,112","122,004,578","36,921,759",0,0,0,0,"36,921,759","12,309,615","13,389,264","13,050,495","16,447,444","42,887,203","10,215,827",0,"102,334,404",0,0,"44,438,339","146,772,743","268,777,321"
1102 亞泥,2016/06,2,Y,06,NTD,"7,509,140","355,673","6,423,661","2,048,206",0,0,"14,631,648","5,402,200",0,"6,869,715",0,674,"44,972,783","1,341,313","13,881,716","161,139",0,-,"65,301,155",0,"63,492,994","5,082,397","872,894","872,894",-,"34,790,232","51,223,198","201,356,806","246,329,589","26,157,907","19,109,582",0,0,-,"725,919","7,987,492","4,467,923","272,326","9,655",0,-,"3,087,696",0,"61,818,500",0,0,-,-,0,"8,094,063","26,310,898",0,-,"317,066",0,"187,632","7,553,906","43,873,353","105,691,853","33,614,472",0,0,0,0,"33,614,472","1,155,723","14,673,903","62,263,167","12,300,023","89,237,093","-1,394,228",0,"122,613,060",0,0,"18,024,676","140,637,736","246,329,589"
1101 台泥,2016/03,1,Y,03,NTD,"31,747,040","146,462","14,972,453",0,0,0,"15,126,668","623,785","548,660","8,485,209",0,0,"78,482,102","822,346","4,179,171",0,0,-,"7,927,247",0,"110,936,901","22,341,314",0,0,-,"5,989,824","54,140,958","200,347,937","278,830,039","20,205,800","7,908,199",0,0,-,"3,145,066","5,982,644","7,252,683","1,340,178",0,0,-,"18,910,980",0,"64,818,835",0,0,-,-,0,0,"47,773,790",0,-,0,0,"275,482","10,298,826","59,260,936","124,079,771","36,921,759",0,0,0,0,"36,921,759","12,309,615","12,811,665","13,050,495","19,931,892","45,794,052","12,684,034",0,"107,709,460",0,0,"47,040,808","154,750,268","278,830,039"
1102 亞泥,2016/03,1,Y,03,NTD,"10,388,866","865,875","5,615,546","3,853,026",0,0,"14,595,460","2,946,131",0,"7,034,327",0,"83,306","48,453,008","1,366,415","15,367,476","164,460",0,-,"67,500,351",0,"65,759,665","5,211,596","1,032,899","1,032,899",-,"34,771,996","50,837,180","207,240,042","255,693,050","17,587,963","15,400,236",0,0,-,"814,979","7,666,097","574,188","494,390","9,419",0,-,"16,346,942",0,"58,894,214",0,0,-,-,0,"8,000,000","32,972,493",0,-,"324,489",0,"193,407","7,768,081","50,688,489","109,582,703","33,614,472",0,0,0,0,"33,614,472","1,155,643","14,187,878","61,104,554","16,457,090","91,749,522","871,496",0,"127,391,133",0,0,"18,719,214","146,110,347","255,693,050"
1101 台泥,2015/12,4,Y,12,NTD,"38,977,360","147,113","15,227,906",0,0,0,"20,212,952","781,245","551,198","8,941,127",0,0,"90,593,376","822,609","3,990,535",0,0,-,"8,013,265",0,"113,310,134","22,607,552","1,083,774","1,083,774",-,"5,996,536","52,645,110","202,472,979","293,066,355","22,325,389","6,159,780",0,0,-,"3,119,316","7,081,053","8,935,660","1,214,642",0,0,-,"19,133,616",0,"68,083,832",0,0,-,-,0,0,"57,986,194",0,-,0,0,"287,238","10,268,560","69,498,271","137,582,103","36,921,759",0,0,0,0,"36,921,759","12,309,615","12,811,665","13,050,495","19,710,897","45,573,057","13,238,554",0,"108,042,985",0,0,"47,441,267","155,484,252","293,066,355"
1102 亞泥,2015/12,4,Y,12,NTD,"11,024,089","1,030,970","5,283,052","5,383,861",0,0,"17,147,041","2,924,090",0,"7,318,610",0,"3,922","52,844,285","1,367,517","22,717,179","165,949",0,-,"68,784,137",0,"67,264,573","5,304,367","750,251","750,251",-,"34,629,764","50,878,951","217,232,924","270,077,209","18,677,761","13,445,051",0,0,-,"692,442","8,454,185","759,456","466,164","9,419",0,-,"22,719,449",0,"65,223,927",0,0,-,-,0,"8,000,000","32,164,684",0,-,"322,268",0,"195,835","7,817,183","49,999,090","115,223,017","33,614,472",0,0,0,0,"33,614,472","1,155,643","14,187,878","61,112,646","16,251,812","91,552,336","9,576,422",0,"135,898,873",0,0,"18,955,319","154,854,192","270,077,209"
1101 台泥,2015/09,3,Y,09,NTD,"35,931,378","148,581","16,358,225",0,0,0,"19,703,043","799,201","571,172","9,248,095",0,0,"90,814,601","822,628","4,062,414",0,0,-,"8,054,261",0,"116,584,284","22,935,744",0,0,-,"6,002,866","53,474,672","205,934,003","296,748,604","29,597,568","6,131,288",0,0,-,"3,448,183","7,021,456","8,507,552","793,415",0,0,-,"15,095,365",0,"70,796,103",0,0,-,-,0,0,"56,537,977",0,-,0,0,"275,396","10,471,711","68,313,122","139,109,225","36,921,759",0,0,0,0,"36,921,759","12,310,531","12,811,665","13,050,654","18,475,042","44,337,361","15,886,581",0,"109,456,232",0,0,"48,183,147","157,639,379","296,748,604"
1102 亞泥,2015/09,3,Y,09,NTD,"20,913,228","1,052,696","5,503,277","5,214,998",0,0,"17,412,337","3,392,050",0,"8,456,608",0,"10,397","65,456,341","16,724,064","10,501,600","169,195",0,-,"69,598,426",0,"68,587,151","5,400,851","539,504","539,504",-,"33,840,345","50,980,223","222,501,014","287,957,355","22,235,833","17,702,975","24,707","3,681",-,"835,362","8,480,151","771,115","335,585","9,419",0,-,"19,401,307",0,"69,800,135",0,0,-,-,0,"8,000,000","40,720,232",0,-,"318,104",0,"190,992","6,985,081","57,703,783","127,503,918","33,614,472",0,0,0,0,"33,614,472","1,096,249","14,187,878","61,118,749","16,594,067","91,900,694","14,656,162",0,"141,267,577",0,0,"19,185,860","160,453,437","287,957,355"
1101 台泥,2015/06,2,Y,06,NTD,"35,848,634","145,919","18,260,651",0,0,0,"21,357,337","2,288,234","449,311","9,795,623",0,0,"95,602,989","821,821","5,043,058",0,0,-,"7,565,075",0,"116,103,732","21,768,685",0,0,-,"6,007,919","52,974,087","204,276,458","299,879,447","23,599,288","5,643,553",0,0,-,"2,953,886","8,810,661","20,038,258","1,060,679",0,0,-,"16,650,117",0,"78,918,446",0,0,-,-,0,0,"57,936,547",0,-,0,0,"275,535","10,670,566","69,995,144","148,913,590","36,921,759",0,0,0,0,"36,921,759","12,225,088","12,811,665","13,050,654","17,526,297","43,388,616","17,090,614",0,"109,626,077",0,0,"41,339,780","150,965,857","299,879,447"
1102 亞泥,2015/06,2,Y,06,NTD,"11,887,636","618,251","5,899,873","8,986,644",0,0,"17,863,084","6,587,117",0,"9,422,919",0,"4,347","63,739,987","16,725,166","10,853,869","159,862",0,-,"68,088,430",0,"67,967,681","5,309,534","428,188","428,188",-,"33,764,403","50,959,380","220,492,110","284,232,097","23,188,400","13,893,471","212,549","6,876",-,"636,864","8,825,108","8,591,027","367,338","9,419",0,-,"18,864,392",0,"74,595,444",0,0,-,-,0,"8,000,000","33,753,133",0,-,"311,015",0,"190,559","6,905,976","50,687,601","125,283,045","33,614,472",0,0,0,0,"33,614,472","1,073,920","14,187,878","61,118,749","16,534,862","91,841,489","13,366,914",0,"139,896,795",0,0,"19,052,257","158,949,052","284,232,097"
1101 台泥,2015/03,1,Y,03,NTD,"31,406,216","146,388","19,582,139",0,0,0,"21,758,400","1,900,085","1,260,243","9,976,103",0,0,"92,471,096","545,892","5,101,127",0,0,-,"7,779,030",0,"110,651,850","19,879,896",0,0,-,"6,014,636","53,353,944","197,311,739","289,782,835","26,352,924","6,124,655",0,0,-,"2,799,819","6,927,581","8,261,256","1,597,080",0,0,-,"17,427,542",0,"69,579,858",0,0,-,-,0,0,"46,330,613",0,-,0,0,"285,564","10,173,593","57,983,520","127,563,378","36,921,759",0,0,0,0,"36,921,759","12,225,234","11,728,778","13,050,654","25,559,573","50,339,005","18,821,699",0,"118,307,697",0,0,"43,911,760","162,219,457","289,782,835"
1102 亞泥,2015/03,1,Y,03,NTD,"10,953,430","697,518","21,555,216","8,471,607",0,0,"18,470,659","2,822,819",0,"9,759,575",0,"4,592","75,530,943","1,431,824","13,698,569","150,510",0,-,"70,783,859",0,"69,163,983","5,404,921","448,016","448,016",-,"33,512,898","51,014,465","212,096,147","287,627,090","23,091,087","17,035,965","547,028","10,839",-,"722,535","8,393,353","908,636","555,143","9,188",0,-,"16,137,001",0,"67,410,775",0,0,-,-,0,"19,571,451","24,439,864",0,-,"312,759",0,"191,072","6,911,988","52,981,529","120,392,304","33,614,472",0,0,0,0,"33,614,472","1,073,920","13,251,715","59,505,623","23,591,169","96,348,507","16,468,033",0,"147,504,932",0,0,"19,729,854","167,234,786","287,627,090"
1101 台泥,2014/12,4,Y,12,NTD,"30,514,042","176,865","19,615,395",0,0,0,"26,543,620","2,150,436","1,962,202","10,470,879",0,0,"96,605,816","546,028","5,022,536",0,0,-,"7,671,335","2,120,380","108,445,563","19,542,637","696,336","696,336",-,"6,021,296","52,093,201","196,138,016","292,743,832","22,975,404","6,370,508",0,0,-,"2,911,537","7,267,782","8,406,652","2,226,142",0,0,-,"18,347,393",0,"68,632,044",0,0,-,-,0,0,"50,457,481",0,-,0,0,"294,307","10,078,645","62,094,107","130,726,151","36,921,759",0,0,0,0,"36,921,759","12,225,528","11,728,778","13,050,654","24,750,795","49,530,227","19,281,356",0,"117,958,870",0,0,"44,058,811","162,017,681","292,743,832"
1102 亞泥,2014/12,4,Y,12,NTD,"12,739,834","743,682","16,949,278","5,834,881",0,0,"20,154,888","2,633,755",0,"9,416,977",0,"1,251","70,558,875","1,432,927","13,363,777","152,468",0,-,"69,755,589",0,"70,586,382","5,485,677","464,876","464,876",-,"33,351,639","51,018,484","212,260,180","282,819,055","22,816,222","13,241,862","561,086",0,-,"674,389","10,010,006","919,929","593,984","9,188",0,-,"16,162,537",0,"64,989,203",0,"14,854",-,-,0,"20,954,895","26,183,195",0,-,"306,021",0,"190,518","6,827,330","56,102,626","121,091,829","33,614,472",0,0,0,0,"33,614,472","1,073,920","13,251,715","59,505,623","22,106,583","94,863,921","12,281,251",0,"141,833,564",0,0,"19,893,662","161,727,226","282,819,055"
1101 台泥,2014/09,3,Y,09,NTD,"27,917,164","176,032","17,125,047",0,0,0,"27,198,035","1,430,499","320,062","10,197,101",0,0,"89,472,928","557,353","5,076,401",0,0,-,"8,331,553",0,"106,972,592","19,321,443",0,0,-,"6,026,963","52,890,655","193,149,997","282,622,925","27,455,949","6,924,607",0,0,-,"3,476,283","8,668,752","8,424,316","1,443,139",0,0,-,"22,308,419",0,"78,920,574",0,0,-,-,0,0,"38,750,230",0,-,0,0,"284,462","9,889,494","50,291,316","129,211,890","36,921,759",0,0,0,0,"36,921,759","12,226,214","11,728,778","13,051,193","22,238,255","47,018,226","15,333,991",0,"111,500,190",0,0,"41,910,845","153,411,035","282,622,925"
1102 亞泥,2014/09,3,Y,09,NTD,"8,000,913","857,516","9,236,989","6,676,573",0,0,"18,997,740","2,926,987",0,"8,843,802",0,"2,918","57,967,112","1,485,416","13,025,649","144,279",0,-,"67,727,011",0,"67,653,241","5,311,323","375,751","375,751",-,"32,611,493","50,294,687","206,017,357","263,984,469","21,847,589","12,062,586","986,714",0,-,"858,247","10,258,832","1,627,011","471,541","9,188",0,-,"12,415,799",0,"60,537,507",0,"18,372",-,-,0,"20,358,329","22,918,149",0,-,"274,596",0,"179,876","5,873,208","51,289,386","111,826,893","33,614,472",0,0,0,0,"33,614,472","1,073,113","13,251,715","59,505,623","20,015,029","92,772,367","6,354,884",0,"133,814,836",0,0,"18,342,740","152,157,576","263,984,469"
1101 台泥,2014/06,2,Y,06,NTD,"29,177,252","175,677","17,961,287",0,0,0,"24,887,122","1,769,808","277,943","10,115,835",0,0,"89,163,129","557,352","5,006,364",0,0,-,"7,845,242",0,"106,252,824","19,155,139",0,0,-,"6,032,636","52,633,522","191,450,443","280,613,572","18,931,653","5,341,062",0,0,-,"2,883,757","8,812,275","18,364,708","1,468,259",0,0,-,"25,215,700",0,"81,190,613",0,0,-,-,0,0,"41,520,619",0,-,0,0,"288,507","9,802,019","51,926,594","133,117,207","36,921,759",0,0,0,0,"36,921,759","12,227,447","11,728,778","13,051,193","19,022,421","43,802,392","14,928,773",0,"107,880,371",0,0,"39,615,994","147,496,365","280,613,572"
1102 亞泥,2014/06,2,Y,06,NTD,"7,918,436","670,597","8,732,423","7,381,404",0,0,"19,201,891","6,631,883",0,"8,508,625",0,"1,202","62,134,910","1,483,211","12,979,110","205,484",0,-,"65,746,947",0,"67,356,408","5,247,928","364,588","364,588",-,"32,377,796","50,151,768","203,535,444","265,670,354","19,131,996","8,206,423","1,068,709",0,-,"735,197","11,981,572","8,947,152","633,308","9,188",0,-,"11,898,188",0,"62,611,733",0,"22,614",-,-,0,"20,052,060","26,612,439",0,-,"640,168",0,"181,636","5,760,739","54,799,051","117,410,784","32,955,365",0,0,"659,107",0,"33,614,472","1,103,147","13,251,715","59,505,623","17,995,304","90,752,642","5,251,957",0,"130,722,218",0,0,"17,537,352","148,259,570","265,670,354"
1101 台泥,2014/03,1,Y,03,NTD,"29,329,415","176,175","21,266,329",0,"6,895",0,"22,735,014","1,920,324","283,239","10,658,127",0,0,"92,121,458","579,451","4,818,344",0,0,-,"7,914,971",0,"108,111,081","19,439,255",0,0,-,"6,039,485","52,777,758","193,640,860","285,762,318","24,434,534","5,247,145","23,829","1,165",-,"2,891,150","9,774,367","8,109,776","1,702,730",0,0,-,"22,055,362",0,"74,388,787",0,0,-,-,0,0,"41,724,407",0,-,0,0,"296,220","9,770,177","53,118,431","127,507,218","36,921,759",0,0,0,0,"36,921,759","12,195,117","10,726,105","13,051,193","25,321,353","49,098,651","18,879,413",0,"117,094,940",0,0,"41,160,160","158,255,100","285,762,318"
1102 亞泥,2014/03,1,Y,03,NTD,"7,387,787","4,056,919","8,841,899","7,299,646",0,0,"18,525,807","2,838,051",0,"8,482,463",0,"13,352","59,219,582","1,484,314","12,513,779","160,899",0,-,"68,465,508",0,"62,784,825","2,174,925","394,337","394,337",-,"31,820,375","49,159,419","197,138,006","256,357,588","14,970,671","5,749,841","1,004,409",0,-,"762,405","7,868,946","213,191","703,875","8,963",0,-,"27,184,290",0,"58,466,591",0,"27,225",-,-,0,"7,522,508","28,952,087",0,-,"279,351",0,"181,806","5,680,307","44,451,814","102,918,405","32,955,365",0,0,0,0,"32,955,365","1,102,790","12,571,132","59,505,623","21,532,144","93,608,899","7,739,248",0,"135,406,302",0,0,"18,032,881","153,439,183","256,357,588"
1101 台泥,2013/12,4,Y,12,NTD,"25,711,065","215,182","19,165,866",0,"11,810",0,"25,597,371","1,539,157","244,277","9,286,227",0,0,"87,788,055","579,192","4,551,126",0,0,-,"8,028,252",0,"109,369,671","19,495,931","610,210","610,210",-,"6,045,488","52,258,302","194,892,684","282,680,739","18,521,893","5,102,283",0,"13,477",-,"2,630,423","8,428,309","9,793,971","1,899,948",0,0,-,"23,658,417",0,"70,398,494","22,213",0,-,-,0,0,"47,342,350",0,-,0,0,"303,577","9,679,623","58,663,668","129,062,162","36,921,759",0,0,0,0,"36,921,759","12,193,297","10,726,105","13,051,193","23,488,214","47,265,512","16,697,377",0,"113,077,945",0,0,"40,540,632","153,618,577","282,680,739"
1102 亞泥,2013/12,4,Y,12,NTD,"19,184,742","760,570","9,074,555","6,731,406",0,0,"17,467,028","2,470,991",0,"7,863,420",0,"11,774","65,337,233","1,485,416","13,664,054","155,668",0,-,"67,771,629",0,"62,481,951","2,176,436","393,696","393,696",-,"31,441,488","48,937,498","197,066,348","262,403,581","13,768,355","4,508,007","1,215,049",0,-,"626,162","8,064,125","212,566","870,572","8,963",0,-,"32,681,712",0,"61,955,511",0,"30,747",-,-,0,"8,606,676","31,092,586",0,-,"275,528",0,"181,978","5,640,897","47,605,868","109,561,379","32,955,365",0,0,0,0,"32,955,365","1,018,079","12,571,132","14,013,200","65,584,754","92,169,086","8,305,589",0,"134,448,119",0,0,"18,394,083","152,842,202","262,403,581"
1101 台泥,2013/09,3,Y,09,NTD,"19,104,057","219,373","14,829,149",0,0,0,"23,125,217","3,950,820","340,811","10,157,813",0,0,"77,580,148","579,099","4,507,469",0,0,-,"8,067,842",0,"109,695,996","19,255,712",0,0,-,"6,071,537","52,306,675","194,412,793","271,992,941","25,101,401","5,653,573",0,"31,021",-,"3,458,595","8,374,696","8,459,764","1,180,194",0,0,-,"20,815,522",0,"73,733,391","16,113",0,-,-,0,"3,500,000","38,396,562",0,-,0,0,"300,324","9,569,927","53,063,194","126,796,585","36,921,759",0,0,0,0,"36,921,759","12,192,857","10,726,105","13,053,491","20,726,453","44,506,049","13,008,590",0,"106,629,255",0,0,"38,567,101","145,196,356","271,992,941"
1102 亞泥,2013/09,3,Y,09,NTD,"13,255,032","4,431,743","5,854,126","6,525,884",0,0,"15,358,693","3,200,328",0,"6,620,229",0,"54,266","57,543,204","1,328,987","13,080,253","2,059,925",0,-,"65,232,209",0,"61,788,328","2,170,520","380,678","380,678",-,"30,484,254","48,066,063","194,106,963","251,650,167","14,030,950","5,174,182","1,190,452",0,-,"798,753","7,311,438","211,553","487,020","8,963",0,-,"36,571,045",0,"65,784,356",0,"34,544",-,-,0,"8,530,723","24,048,499",0,-,"666,635",0,"212,227","5,351,152","40,410,752","106,195,108","32,955,365",0,0,0,0,"32,955,365","1,019,245","12,571,132","14,013,199","61,288,607","87,872,938","5,888,881",0,"127,736,429",0,0,"17,718,630","145,455,059","251,650,167"
1101 台泥,2013/06,2,Y,06,NTD,"20,171,167","275,130","13,111,745",0,"8,208",0,"20,128,386","4,773,296","365,117","10,591,130",0,0,"77,446,686","579,264","4,606,311",0,0,-,"7,912,439","560,780","110,566,117","19,486,078",0,0,-,"6,078,397","52,415,968","196,126,957","273,573,643","16,187,106","3,848,811","6,884","25,473",-,"2,893,731","9,882,099","15,731,120","913,601",0,0,-,"18,951,638",0,"68,900,434","7,773",0,-,-,0,"3,500,000","50,736,261",0,-,0,0,"301,897","9,458,082","65,466,041","134,366,475","36,921,759",0,0,0,0,"36,921,759","12,192,857","10,726,105","13,053,436","17,295,884","41,075,425","11,577,183",0,"101,767,224",0,0,"37,439,944","139,207,168","273,573,643"
1102 亞泥,2013/06,2,Y,06,NTD,"19,077,321","1,951,495","6,011,818","12,385,322",0,0,"16,471,431","6,599,231",0,"7,433,744",0,"29,590","71,535,086","1,330,090","12,499,554","1,913,305",0,-,"64,284,594",0,"60,451,870","2,207,072","363,606","363,606",-,"30,130,209","47,839,983","190,890,074","262,425,160","9,934,680","4,048,305","827,181",0,-,"619,340","8,496,856","5,955,033","497,967","8,963",0,-,"38,927,333",0,"69,315,658",0,"37,246",-,-,0,"13,941,678","28,088,366",0,-,"264,014",0,"212,813","5,315,019","49,761,011","119,076,669","32,309,181",0,0,"646,184",0,"32,955,365","1,019,808","12,571,132","14,013,199","59,603,019","86,187,350","5,663,318",0,"125,825,841",0,0,"17,522,650","143,348,491","262,425,160"
1101 台泥,2013/03,1,Y,03,NTD,"18,994,984","271,687","15,066,125",0,"6,836",0,"18,645,075","4,424,359","1,310,592","10,684,600",0,0,"77,599,232","616,490","4,775,276",0,0,-,"7,460,075","365,085","110,910,778","19,111,565",0,0,-,"6,085,160","51,996,732","195,236,001","272,835,233","18,455,981","4,129,331","2,401",0,-,"2,971,595","9,061,722","9,369,864","1,416,789",0,0,-,"19,917,934",0,"65,913,019","16,686","32,276",-,-,0,"3,500,000","47,803,800",0,-,0,0,"303,649","9,353,869","61,556,516","127,469,535","36,921,759",0,0,0,0,"36,921,759","12,215,684","9,952,623","13,053,436","22,515,088","45,521,147","13,214,330",0,"107,872,920",0,0,"37,492,778","145,365,698","272,835,233"
1102 亞泥,2013/03,1,Y,03,NTD,"14,912,589","4,484,947","5,927,869","6,895,778",0,0,"15,797,375","647,610",0,"7,667,257",0,"18,924","57,789,464","1,222,800","13,434,731","1,417,828",0,-,"66,341,411",0,"57,667,022","2,193,825","316,067","316,067",-,"29,672,144","47,869,835","190,463,519","248,252,983","12,195,793","4,477,500","559,331",0,-,"734,393","7,213,046","251,872","654,874","8,743",0,-,"28,462,379",0,"54,557,931",0,"44,448",-,-,0,"12,408,383","27,385,888",0,-,"259,020",0,"214,628","5,282,091","47,652,812","102,210,743","32,309,181",0,0,0,0,"32,309,181","1,034,446","11,954,738","14,013,199","62,992,831","88,960,768","6,469,871",0,"128,774,266",0,0,"17,267,974","146,042,240","248,252,983"
1101 台泥,2012/12,4,Y,12,NTD,"25,611,406","148,527","15,751,741",0,206,0,"19,498,993","2,143,543","1,220,456","9,645,715",0,0,"80,534,379","616,193","4,534,843",0,0,-,"7,181,369","6,408,525","104,289,140","17,282,511","317,273","317,273",-,"5,874,323","52,784,253","193,414,107","273,948,486","18,945,086","4,912,171",167,"10,746",-,"2,267,023","7,880,074","9,162,750","1,266,913",0,0,-,"21,693,156",0,"66,990,199","24,989","38,554",-,-,0,"3,500,000","51,367,579",0,-,0,0,"332,765","9,321,578","65,151,947","132,142,146","36,921,759",0,0,0,0,"36,921,759","12,215,684","9,952,623","13,060,950","21,094,539","44,108,112","12,716,255",0,"105,961,810",0,0,"35,844,530","141,806,340","273,948,486"
1102 亞泥,2012/12,4,Y,12,NTD,"8,309,069","718,691","6,608,175","8,385,707",0,0,"16,368,890","454,500",0,"7,515,813",0,0,"49,663,040","1,222,800","13,758,483","1,258,166",0,-,"65,102,861",0,"55,930,994","2,159,286","282,163","282,163",-,"29,672,144","47,277,208","186,991,961","236,655,001","10,821,788","4,356,268","668,747",0,-,"571,673","6,926,000","218,023","561,568","8,743",0,-,"17,588,512",0,"41,721,322",0,"48,609",-,-,0,"24,931,418","17,976,435",0,-,"270,383",0,"222,129","5,257,986","50,233,697","91,955,019","32,309,181",0,0,0,0,"32,309,181","1,034,446","11,954,738","14,015,705","61,770,961","87,741,404","6,964,661",0,"128,049,692",0,0,"16,650,290","144,699,982","236,655,001"
1101 台泥,2012/09,3,Y,09,NTD,"20,583,749","100,244","14,266,513",0,0,0,"20,357,647","2,813,517","1,223,651","8,192,966",0,0,"76,293,473","651,414","4,613,315",0,0,-,"6,914,246","5,498,182","104,860,815","17,364,896",0,0,-,"5,881,289","52,578,369","192,481,237","268,774,710","20,667,494","5,357,748","22,791",0,-,"2,443,555","8,735,816","6,693,772","742,079",0,0,-,"16,140,214",0,"61,357,920",0,0,-,-,0,"3,500,000","56,754,795",0,-,0,0,"356,464","9,274,428","70,322,674","131,680,594","36,921,759",0,0,0,0,"36,921,759","12,211,032","9,952,623","13,060,950","19,149,059","42,162,632","10,932,864",0,"102,228,287",-,-,"34,865,829","137,094,116","268,774,710"
1102 亞泥,2012/09,3,Y,09,NTD,"4,595,351","6,728,311","5,440,448","7,002,711",0,0,"16,386,851","1,006,619",0,"7,167,135",0,0,"49,852,366","1,244,800","13,719,928","608,369",0,-,"44,657,601",0,"55,944,726","2,148,105","249,025","249,025",-,"6,936,369","24,252,916","142,825,470","192,677,836","9,454,938","6,134,996","638,446",0,-,"814,737","7,181,787","255,012","453,821","8,743",0,-,"17,757,906",0,"42,700,386",0,"54,101",-,-,0,"24,963,925","18,394,590",0,-,"269,251",0,"216,366","4,297,182","49,886,197","92,586,583","32,309,181",0,0,0,0,"32,309,181","846,857","11,954,738","14,015,713","18,813,318","44,783,769","5,883,959",0,"83,823,766",-,-,"16,267,487","100,091,253","192,677,836"
1101 台泥,2012/06,2,Y,06,NTD,"21,298,636","2,986,069","12,843,329",0,"14,448",0,"18,703,047","988,959","1,250,343","9,912,026",0,0,"78,766,620","651,642","4,189,266",0,0,-,"6,860,509","5,605,849","106,693,480","17,628,713",0,0,-,"5,887,777","53,076,478","194,705,937","273,472,557","21,589,019","3,333,675","20,846",88,-,"1,413,760","9,872,294","14,778,121","789,526",0,0,-,"18,413,873",0,"70,614,685","28,841","54,111",-,-,0,"3,500,000","55,724,782",0,-,0,0,"360,694","9,302,241","69,401,430","140,016,115","36,921,759",0,0,0,0,"36,921,759","12,211,032","9,952,623","13,060,950","17,141,298","40,154,871","9,466,702",0,"98,754,364",-,-,"34,702,078","133,456,442","273,472,557"
1102 亞泥,2012/06,2,Y,06,NTD,"12,934,374","1,149,796","4,006,849","7,023,211",0,0,"16,973,303","4,858,504",0,"7,865,245",0,0,"56,018,733","1,244,800","12,147,268","613,761",0,-,"44,376,493",0,"56,869,866","2,195,462","303,457","303,457",-,"6,919,410","24,384,580","142,135,687","198,154,420","9,445,412","3,894,800","501,145",0,-,"771,558","7,674,356","7,796,962","333,659","8,743",0,-,"14,816,320",0,"45,242,955",0,"50,853",-,-,0,"29,759,779","17,929,342",0,-,"252,965",0,"217,584","4,362,983","54,086,245","99,329,200","31,368,137",0,0,"941,044",0,"32,309,181","846,857","11,954,738","14,015,761","18,190,217","44,160,716","5,093,571",0,"82,410,325",-,-,"16,414,895","98,825,220","198,154,420"
1101 台泥,2012/03,1,Y,03,NTD,"18,169,976","2,441,874","14,649,737",0,334,0,"18,948,576","515,005","1,239,066","10,262,283",0,0,"75,624,637","661,485","4,385,046",0,0,-,"7,042,295","5,533,928","106,682,769","17,562,610",0,0,-,"5,893,801","53,539,030","195,407,163","271,031,800","17,524,267","3,551,107","82,941","9,249",-,"2,007,476","9,117,087","6,896,131","1,383,915",0,0,-,"19,351,805",0,"60,445,308",0,"57,298",-,-,0,"3,500,000","55,444,879",0,-,0,0,"388,125","9,293,279","69,103,457","129,548,765","36,921,759",0,0,0,0,"36,921,759","12,211,032","9,090,640","13,163,791","22,488,961","44,743,392","11,094,410",0,"104,970,593",-,-,"36,512,442","141,483,035","271,031,800"
1102 亞泥,2012/03,1,Y,03,NTD,"6,096,166","5,205,935","4,189,670","7,424,082",0,0,"16,861,600","838,358",0,"8,652,084",0,0,"50,434,966","1,118,800","13,265,270","121,204",0,-,"47,720,674",0,"56,655,040","2,188,810","312,154","312,154",-,"6,925,905","24,506,959","145,888,911","196,323,877","7,218,097","4,006,795","838,422",0,-,"671,425","7,042,289","250,106","179,419","8,529",0,-,"10,542,989",0,"30,758,071",0,"42,164",-,-,0,"29,451,224","22,907,787",0,-,"261,171",0,"220,617","4,516,553","59,188,337","89,946,408","31,368,137",0,0,0,0,"31,368,137","193,535","10,950,093","14,016,163","25,561,373","50,527,629","7,330,476",0,"89,419,777",-,-,"16,957,692","106,377,469","196,323,877"
1101 台泥,2011/12,4,Y,12,NTD,"22,140,268","3,152,664","13,721,102",0,0,0,"18,074,170","49,576","1,267,612","10,598,551","1,928,978",0,"79,269,224","1,472,569","3,127,674",0,0,-,"9,650,998",0,"146,486,489","13,671,350",0,"1,750,331",-,"64,351","6,466,305","182,625,716","261,894,940","18,891,513","4,458,344",0,0,-,"1,429,426","8,694,590","3,423,719","1,294,394",0,"1,434,319",-,"17,439,820",0,"62,253,658",0,"68,824",-,-,0,"3,500,000","58,988,270","109,327",-,0,0,"271,366","7,064,013","70,320,933","132,574,591","36,921,759",0,0,0,0,"36,921,759","16,007,768","9,090,640",0,"11,364,176","20,454,816","23,399,502",0,"96,783,845",0,0,"32,536,504","129,320,349","261,894,940"
1102 亞泥,2011/12,4,Y,12,NTD,"17,932,709","1,430,339","3,598,694",0,0,0,"18,804,209","459,399",0,"6,547,497",0,0,"50,949,032","1,114,763","12,638,322",0,0,-,"46,700,973",0,"73,281,723","5,112,567",0,"1,284,010",-,0,"2,523,866","142,656,224","193,605,256","7,123,778","3,735,020","480,368",0,-,"604,647","7,093,740","221,074","394,260",0,0,-,"6,637,941",0,"26,353,735",0,"36,441",-,-,0,"32,028,636","27,291,847",0,-,0,"1,339,431",0,"3,673,122","64,895,531","91,249,266","31,368,137",0,0,0,0,"31,368,137","6,640,128","10,950,093","67,000","16,356,817","27,373,910","20,987,895",0,"86,370,070",0,0,"15,985,920","102,355,990","193,605,256"
1101 台泥,2011/09,3,Y,09,NTD,"17,017,573","3,154,646","14,263,549",0,"65,496",0,"19,968,207","64,288",0,"9,491,947",0,0,"72,055,599","1,472,619","2,842,764",0,0,-,"9,580,605",0,"144,415,561","13,200,241",0,"1,582,063",-,"50,517","16,146,064","189,239,917","261,295,516","18,476,181","4,051,762","10,618","6,564",-,"3,542,367","13,169,047","2,867,404","919,013",0,0,-,"12,632,990",0,"59,441,445",0,"63,018",-,-,0,"3,500,000","65,379,526","118,125",-,0,0,"342,115","7,046,764","76,663,202","136,104,647","36,921,759",0,0,0,0,"36,921,759","15,984,716","9,090,640",0,"9,365,400","18,456,040","22,416,041",0,"93,778,556",0,0,"31,412,313","125,190,869","261,295,516"
1102 亞泥,2011/09,3,Y,09,NTD,"17,913,545","1,515,429","4,092,916",0,0,0,"17,159,347","841,431",0,"6,861,413",0,0,"50,973,106","1,200,319","15,435,417",0,0,-,"42,007,486",0,"68,172,546","5,224,564",0,"1,360,878",-,0,"2,853,947","136,255,157","187,228,263","6,605,000","3,421,600","515,535",0,-,"844,859","8,407,163","219,027","344,158",0,0,-,"6,485,264",0,"26,913,685",0,"34,957",-,-,0,"32,052,911","29,197,290",0,-,0,"1,356,452",0,"1,466,299","65,154,882","92,068,567","31,368,137",0,0,0,0,"31,368,137","8,566,976","10,950,093","67,000","14,551,241","25,568,334","14,467,138",0,"79,970,585",0,0,"15,189,111","95,159,696","187,228,263"
1101 台泥,2011/06,2,Y,06,NTD,"20,097,071","4,731,032","21,068,332",0,0,0,"19,856,804","217,650",0,"8,397,472",0,0,"81,575,502","1,604,702","3,377,929",0,0,-,"6,751,072",0,"140,256,833","12,501,264",0,"1,607,481",-,"50,517","15,463,272","181,562,553","263,138,055","16,455,287","2,900,209","10,456",0,-,0,"12,074,515","11,719,901",0,0,0,-,"14,045,602",0,"64,627,951",0,"52,881",-,-,0,"3,500,000","61,043,734","126,748",-,0,0,"428,090","6,957,232","72,308,864","136,936,815","36,921,759",0,0,0,0,"36,921,759","15,966,491","9,090,640",0,"6,794,970","15,885,610","28,275,554",0,"97,049,414",0,0,"29,151,826","126,201,240","263,138,055"
1102 亞泥,2011/06,2,Y,06,NTD,"15,701,753","1,150,730","4,143,418",0,0,0,"14,153,611","5,725,152",0,"7,163,704",0,0,"50,316,319","1,194,767","18,230,557",0,"4,698",-,"42,046,410",0,"65,245,401","4,771,049",0,"1,434,691",-,0,"2,929,031","135,856,604","186,172,923","6,256,795","1,938,000","1,277,617",0,-,"594,347","8,072,471","6,072,340","368,614",0,0,-,"7,096,543",0,"31,678,068",0,0,-,-,0,"28,058,346","28,311,231",0,-,0,"1,373,474",0,"1,657,744","60,104,808","91,782,876","30,753,075",0,0,"615,062",0,"31,368,137","8,591,737","10,950,093","64,900","12,227,191","23,242,184","17,413,956",0,"80,616,014",0,0,"13,774,033","94,390,047","186,172,923"
1101 台泥,2011/03,1,Y,03,NTD,"21,429,405","5,122,001","19,424,885",0,0,0,"17,197,382","5,662",933,"8,059,799",0,0,"78,662,336","1,665,203","3,146,827",0,0,-,"6,786,565",0,"140,342,510","12,635,760",0,"1,605,880",-,"50,517","14,660,143","180,842,888","259,505,224","14,850,145","3,343,847",0,0,-,0,"10,658,778","3,013,763","1,477,697",0,0,-,"16,407,384",0,"55,758,562",0,"53,439",-,-,0,"3,500,000","63,515,664","134,945",-,0,0,"494,128","6,975,851","75,018,511","130,777,073","36,921,759",0,0,0,0,"36,921,759","15,962,923","8,287,508",0,"12,251,892","20,539,400","26,474,648",0,"99,898,730",0,0,"28,829,421","128,728,151","259,505,224"
1102 亞泥,2011/03,1,Y,03,NTD,"8,361,717","1,203,736","2,786,261",0,0,0,"13,034,449","903,734",0,"6,093,870",0,0,"34,547,010","1,204,102","17,530,836",0,0,-,"45,037,365",0,"66,450,820","4,847,787",0,"1,512,929",-,0,"2,749,034","139,332,873","173,879,883","6,739,039","1,474,500","1,319,609",488,-,"509,875","7,751,751","229,335","317,300",0,0,-,"4,449,230",0,"22,793,261",0,0,-,-,0,"24,125,336","27,816,177",0,-,0,"1,390,495",0,"1,466,299","55,675,817","78,469,078","30,753,075",0,0,0,0,"30,753,075","8,259,554","10,177,610","39,277","15,768,236","25,985,123","16,908,310",0,"81,906,062",0,0,"13,504,743","95,410,805","173,879,883"
1101 台泥,2010/12,4,Y,12,NTD,"32,706,814","4,636,964","15,893,896",0,0,0,"15,918,356","30,153","3,072","7,296,613",0,0,"82,001,294","1,656,996","3,167,968",0,0,-,"6,917,338",0,"139,708,763","12,575,826",0,"1,650,149",-,"50,517","14,282,454","179,959,494","261,960,788","13,170,917","2,046,156",0,0,-,0,"9,650,878","3,316,673","1,180,755",0,0,-,"26,452,465",0,"60,121,542",0,"47,782",-,-,0,"3,500,000","65,928,232","143,313",-,0,0,"489,258","6,966,784","77,325,468","137,447,010","36,921,759",0,0,0,0,"36,921,759","15,956,106","8,287,508",0,"10,931,835","19,219,343","22,823,863",0,"94,921,071",0,0,"29,592,707","124,513,778","261,960,788"
1102 亞泥,2010/12,4,Y,12,NTD,"7,133,402","1,292,191","2,707,202",0,0,0,"11,885,500","1,132,359",0,"5,866,157",0,0,"31,980,063","1,860,395","16,983,257",0,0,-,"43,439,373",0,"66,510,047","4,800,297",0,"1,485,407",-,0,"2,522,639","137,601,415","169,581,478","8,163,167","1,987,099","486,854","3,046",-,"449,748","7,875,038","219,500","322,235",0,0,-,"4,975,716",0,"24,482,403",0,0,-,-,0,"14,032,769","36,100,952",0,-,0,"1,407,516",0,"1,565,372","53,484,549","77,966,952","30,753,075",0,0,0,0,"30,753,075","8,256,848","10,177,610",0,"13,540,991","23,718,601","15,912,495",0,"78,641,019",0,0,"12,973,507","91,614,526","169,581,478"
1101 台泥,2010/09,3,Y,09,NTD,"12,836,138","2,547,369","15,745,490",0,0,0,"14,332,045","32,176","6,689","7,957,196",0,0,"59,846,089","1,645,857","3,151,888",0,0,-,"6,836,792",0,"139,393,786","13,559,314",0,"1,794,256",-,"50,517","5,406,075","171,787,968","231,634,057","7,685,856","2,089,983","4,947","33,830",-,0,"8,279,490","2,913,321","799,654",0,0,-,"20,017,124",0,"47,121,934",0,"67,213",-,-,0,"3,500,000","63,268,126","166,264",-,0,0,"512,969","7,235,486","74,925,818","122,047,752","32,921,759",0,0,0,0,"32,921,759","9,122,747","8,287,508",0,"8,296,469","16,583,977","22,962,075",0,"81,590,558",0,0,"27,995,747","109,586,305","231,634,057"
1102 亞泥,2010/09,3,Y,09,NTD,"5,830,557","1,270,308","2,677,274",0,0,0,"10,049,066","1,527,374",0,"5,440,743",0,0,"29,744,987","3,073,067","12,660,841",0,0,-,"42,209,516",0,"69,079,374","4,654,550",0,"1,549,423",-,0,"2,534,731","135,761,502","165,506,489","7,365,308","1,475,000","247,457",0,-,"626,634","8,092,071","225,869","190,827",0,0,-,"3,613,644",0,"21,836,810",0,0,-,-,0,"14,176,323","37,780,597",0,-,0,"1,424,537",0,"1,466,299","55,087,550","76,924,360","30,753,075",0,0,0,0,"30,753,075","8,256,390","10,177,610",0,"11,099,908","21,277,518","15,278,558",0,"75,565,541",0,0,"13,016,588","88,582,129","165,506,489"
1101 台泥,2010/06,2,Y,06,NTD,"16,624,092","2,019,915","11,432,722",0,0,0,"13,587,643","145,938","10,740","7,867,475",0,0,"58,415,108","1,649,228","3,240,932",0,0,-,"6,800,735",0,"140,355,447","13,818,480",0,"1,793,908",-,"50,517","5,079,739","172,738,469","231,153,577","8,996,391","1,916,734","28,923",0,-,0,"9,443,148","8,811,782",0,0,0,-,"20,628,262",0,"57,452,958",0,"58,228",-,-,0,"4,865,000","58,255,684","166,264",-,0,0,"515,419","7,264,154","71,351,394","128,804,352","32,921,759",0,0,0,0,"32,921,759","9,186,361","8,287,508",0,"5,737,653","14,025,161","19,307,177",0,"75,440,458",0,0,"26,908,767","102,349,225","231,153,577"
1102 亞泥,2010/06,2,Y,06,NTD,"15,955,407","1,834,406","2,388,700",0,0,0,"8,504,118","5,265,367",0,"5,031,881",0,0,"42,445,233","2,952,881","9,820,847",0,0,-,"39,620,269",0,"66,877,312","3,879,176",0,"1,527,476",-,0,"2,415,059","127,093,020","169,538,253","6,193,566","1,964,000","38,341",0,-,"430,829","7,346,810","5,609,456","229,394",0,0,-,"12,956,591",0,"34,768,987",0,0,-,-,0,"12,000,000","36,505,139",0,-,0,"1,441,559",0,"1,471,777","51,506,677","86,275,664","29,857,355",0,0,"895,720",0,"30,753,075","8,253,707","10,177,610",0,"9,591,344","19,768,954","11,507,652",0,"70,283,388",0,0,"12,979,201","83,262,589","169,538,253"
1101 台泥,2010/03,1,Y,03,NTD,"17,568,054","2,986,592","12,535,727","2,322,154",0,0,"11,268,842","81,841","15,008","6,679,971",0,0,"68,129,797","2,418,101","3,403,799",0,0,-,"5,618,259",0,"128,527,240","3,396,856",0,"2,080,698",-,"50,517","4,776,595","150,221,548","218,351,345","11,434,982","3,232,236",0,0,-,0,"7,581,468","2,392,484","874,380",0,0,-,"17,853,564",0,"46,716,890",0,"14,409",-,-,0,"4,865,000","57,057,462",0,-,0,0,"568,274","6,674,083","69,476,951","116,193,841","32,921,759",0,0,0,0,"32,921,759","9,127,384","7,545,055",0,"10,493,838","18,038,893","20,402,363",0,"80,490,399",0,0,"21,667,105","102,157,504","218,351,345"
1102 亞泥,2010/03,1,Y,03,NTD,"17,683,099","1,341,622","2,519,113",0,0,0,"8,000,534","1,066,279",0,"4,504,296",0,0,"37,953,958","3,666,933","9,868,847",0,0,-,"41,675,574",0,"65,581,287","3,268,490",0,"1,592,395",-,0,"2,339,501","127,993,027","165,946,985","5,356,232","1,575,000","163,640",0,-,"412,919","6,632,437","231,995","278,460",0,0,-,"13,128,529",0,"27,779,212",0,0,-,-,0,"12,000,000","35,413,789",0,-,0,"1,458,580",0,"1,466,299","50,745,295","78,524,507","29,857,355",0,0,0,0,"29,857,355","8,241,439","9,391,500",0,"14,505,163","23,896,663","12,374,845",0,"74,370,302",0,0,"13,052,176","87,422,478","165,946,985"
1101 台泥,2009/12,4,Y,12,NTD,"16,426,107","3,046,095","12,788,960",0,0,0,"10,591,791","64,314","19,308","6,557,981",0,0,"54,251,716","2,420,140","3,607,466",0,0,-,"5,657,197",0,"128,828,473","3,401,535",0,"1,991,535",-,"50,517","4,583,200","150,489,546","204,741,262","9,529,926","3,694,699",0,0,-,0,"5,940,364","2,612,446","708,738",0,0,-,"25,471,687",0,"50,754,424",0,"2,234",-,-,0,"4,865,000","40,630,003",0,-,0,0,"569,933","6,536,035","52,873,028","103,627,452","32,921,759",0,0,0,0,"32,921,759","8,418,430","7,545,055",0,"9,568,883","17,113,938","20,655,973",0,"79,110,100",0,0,"22,003,710","101,113,810","204,741,262"
1102 亞泥,2009/12,4,Y,12,NTD,"17,838,133","1,343,252","2,660,961",0,0,0,"7,867,858","886,553",0,"4,311,866",0,0,"36,803,070","3,668,888","10,758,775",0,0,-,"41,170,895",0,"64,029,460","3,270,962",0,"1,618,610",-,0,"2,407,531","126,925,121","163,728,191","4,947,872","1,312,362","311,723",0,-,"449,528","6,349,865","219,263","295,941",0,0,-,"12,295,316",0,"26,181,870",0,0,-,-,0,"7,000,000","39,154,354",0,-,0,"1,475,601",0,"1,595,228","49,478,515","75,660,385","29,857,355",0,0,0,0,"29,857,355","8,197,276","9,391,500",0,"12,872,324","22,263,824","14,766,576",0,"75,085,031",0,0,"12,982,775","88,067,806","163,728,191"
1101 台泥,2009/09,3,Y,09,NTD,"13,825,223","2,958,600","13,069,015",0,0,0,"11,790,697","63,323","189,848","6,505,156",0,0,"53,451,244","2,455,553","2,920,134",0,0,-,"2,645,987",0,"126,684,548","3,110,456",0,"2,065,988",-,"50,517","4,245,453","144,128,119","197,579,363","8,267,519","3,762,825","137,838",0,-,0,"7,381,689","2,835,104","317,168",0,0,-,"11,949,414",0,"38,700,606",0,0,-,-,0,"4,865,000","49,335,562",0,-,0,0,"574,497","6,582,684","61,484,558","100,185,164","32,921,759",0,0,0,0,"32,921,759","8,555,314","7,545,055",0,"7,019,505","14,564,560","20,866,665",0,"76,908,298",0,0,"20,485,901","97,394,199","197,579,363"
1102 亞泥,2009/09,3,Y,09,NTD,"13,708,331","1,018,005","2,501,873",0,0,0,"7,685,422","817,472",0,"4,594,364",0,0,"32,988,195","3,861,148","9,490,970",0,0,-,"39,327,275",0,"56,970,040","3,090,082",0,"1,561,094",-,0,"5,972,589","120,273,198","153,261,393","6,240,293","2,555,728","264,191",0,-,"698,504","4,857,807","231,364","272,591",0,0,-,"5,035,741",0,"20,156,219",0,0,-,-,0,"14,695,952","30,781,621",0,-,0,"1,492,623",0,"1,466,299","48,667,047","68,823,266","29,857,355",0,0,0,0,"29,857,355","8,110,439","9,391,500",0,"11,614,908","21,006,408","12,669,034",0,"71,643,236",0,0,"12,794,891","84,438,127","153,261,393"
1101 台泥,2009/06,2,Y,06,NTD,"11,831,514","3,379,097","12,288,981",0,0,0,"10,402,409","168,573","115,788","6,542,629",0,0,"48,975,227","2,468,409","2,709,513",0,"12,672",-,"2,728,553",0,"127,053,361","3,195,029",0,"2,122,939",-,"50,517","4,636,151","144,926,627","193,901,854","8,544,951","2,534,976",0,"90,324",-,0,"5,265,768","7,303,063",0,0,0,-,"13,512,487",0,"40,125,808",0,"6,067",-,-,0,"4,865,000","48,859,950",0,-,0,0,"561,235","6,135,568","60,787,241","100,913,049","32,921,759",0,0,0,0,"32,921,759","8,579,006","7,545,055",0,"4,280,855","11,825,910","20,321,045",0,"73,647,720",0,0,"19,341,085","92,988,805","193,901,854"
1102 亞泥,2009/06,2,Y,06,NTD,"15,263,337","1,065,916","2,516,636",0,0,0,"7,451,290","5,065,930",0,"4,054,982",0,0,"39,233,228","3,807,479","9,245,053",0,0,-,"39,151,816",0,"54,900,922","2,967,870",0,"1,597,861",-,0,"6,175,537","117,846,538","157,079,766","7,814,277","3,073,765","235,778",0,-,"462,988","5,641,047","5,565,580","281,733",0,0,-,"4,989,372",0,"28,068,063",0,0,-,-,0,"10,790,949","31,643,241",0,-,0,"1,509,644",0,"1,492,803","45,678,377","73,746,440","28,987,723",0,0,"869,632",0,"29,857,355","8,098,710","9,391,500",0,"10,582,169","19,973,669","12,732,091",0,"70,661,825",0,0,"12,671,501","83,333,326","157,079,766"
1101 台泥,2009/03,1,Y,03,NTD,"14,200,950","3,299,730","10,360,744",0,0,0,"9,431,949","5,647","35,411","5,539,320",0,0,"48,506,002","2,468,836","2,668,862",0,"23,931",-,"2,512,520",0,"127,230,295","3,365,888",0,"1,879,606",-,"50,517","4,265,374","144,415,312","192,921,314","11,831,825","3,059,942",0,0,-,0,"5,267,931","2,964,927","489,113",0,0,-,"11,399,071",0,"38,714,520",0,0,-,-,0,"4,865,000","48,527,886",0,-,0,0,"526,847","6,496,191","61,233,272","99,947,792","32,921,759",0,0,0,0,"32,921,759","8,577,038","6,968,929",0,"7,248,641","14,217,570","18,477,727",0,"74,194,094",0,0,"18,779,428","92,973,522","192,921,314"
1102 亞泥,2009/03,1,Y,03,NTD,"19,106,954","991,685","2,954,914",0,"10,058",0,"6,972,735","547,458",0,"4,985,182",0,0,"37,787,706","3,809,238","6,138,073",0,0,-,"38,663,221",0,"54,895,032","3,037,571",0,"1,602,649",-,0,"5,763,225","113,909,009","151,696,715","5,495,062","1,947,777","143,350",0,-,"492,743","7,466,945","228,529","394,728",0,0,-,"7,211,048",0,"23,380,182",0,0,-,-,0,"10,981,497","32,359,679",0,-,0,"1,526,665",0,"1,466,299","46,618,664","69,998,846","28,987,723",0,0,0,0,"28,987,723","8,136,962","8,679,226",0,"13,403,169","22,082,395","9,648,284",0,"68,855,364",0,0,"12,842,505","81,697,869","151,696,715"
1101 台泥,2008/12,4,Y,12,NTD,"13,033,535","2,610,569","9,002,525",0,0,0,"8,386,187","4,814","42,034","6,908,626",0,0,"43,762,069","2,468,393","2,447,307",0,"28,551",-,"2,522,691",0,"125,807,120","3,256,627",0,"2,020,317",-,"50,517","4,554,660","143,105,666","186,867,735","14,611,073","3,417,388",49,"167,844",-,0,"3,765,084","2,640,610","386,919",0,0,-,"11,362,393",0,"39,174,857",0,0,-,-,0,"4,865,000","44,736,577",0,-,0,0,"509,137","6,471,260","57,444,081","96,618,938","32,921,759",0,0,0,0,"32,921,759","8,552,529","6,968,929",0,"7,066,151","14,035,080","16,529,839",0,"72,039,207",0,0,"18,209,590","90,248,797","186,867,735"
1102 亞泥,2008/12,4,Y,12,NTD,"16,931,368","898,637","2,333,060",0,"12,928",0,"7,526,718","365,976",0,"4,830,812",0,0,"34,745,952","3,812,618","5,464,373",0,0,-,"36,945,103",0,"53,781,519","2,364,090",0,"1,340,174",-,0,"5,778,790","109,486,667","144,232,619","6,507,829","1,812,420","137,485",0,-,"619,363","5,385,842","211,883","244,609",0,0,-,"6,074,886",0,"20,994,317",0,0,-,-,0,"10,707,945","32,083,765",0,-,0,"1,543,687",0,"1,509,243","46,033,952","67,028,269","28,987,723",0,0,0,0,"28,987,723","8,080,494","8,679,226",0,"11,810,912","20,490,138","7,281,740",0,"64,840,095",0,0,"12,364,255","77,204,350","144,232,619"
1101 台泥,2008/09,3,Y,09,NTD,"10,615,331","2,669,598","9,368,900",0,0,0,"9,283,486","102,125","48,658","8,550,177",0,0,"45,692,556","2,510,103","2,208,268",0,0,-,"2,424,947","300,000","122,733,210","3,135,557",0,"1,858,705",-,"50,517","4,031,810","139,202,600","184,895,156","13,628,888","2,052,923","40,660",0,-,0,"6,893,636","3,371,100","295,438",0,0,-,"10,891,005",0,"39,599,056",0,"97,941",-,-,0,"5,865,000","43,512,200",0,-,0,0,"529,026","6,491,204","56,654,053","96,253,109","32,921,759",0,0,0,0,"32,921,759","8,578,057","6,968,929",0,"5,951,037","12,919,966","15,666,569",0,"70,086,351",0,0,"18,555,696","88,642,047","184,895,156"
1102 亞泥,2008/09,3,Y,09,NTD,"17,554,606","913,672","2,395,921",0,"12,620",0,"7,195,310","3,930,999",0,"6,140,821",0,0,"40,078,358","2,750,139","6,200,296",0,0,-,"37,447,368",0,"51,089,077","2,428,412",0,"1,339,854",-,0,"5,510,670","106,765,816","146,844,174","9,639,350","1,801,038","175,065",0,-,"639,960","5,739,825","416,319","186,129",0,0,-,"3,657,596",0,"22,255,282",0,0,-,-,0,"10,535,192","32,927,244",0,-,0,"1,560,708",0,"1,466,299","46,774,503","69,029,785","28,987,723",0,0,0,0,"28,987,723","7,992,460","8,679,226",0,"11,490,129","20,169,355","8,449,738",0,"65,599,276",0,0,"12,215,113","77,814,389","146,844,174"
1101 台泥,2008/06,2,Y,06,NTD,"11,760,556","6,431,449","15,729,671",0,0,0,"9,501,174","177,415","55,430","6,841,077",0,0,"54,362,283","2,616,600","2,949,035",0,0,-,"2,386,064",0,"119,771,536","3,051,752",0,"1,848,933",-,"50,517",-,"136,892,057","191,254,340","8,252,514","2,063,010",305,0,-,0,"5,764,981","11,585,768",0,0,0,-,"12,975,473",0,"42,792,997",0,"114,020",-,-,0,"5,865,000","42,271,615",0,-,0,0,"522,969","6,353,480","55,518,707","98,311,704","32,486,372",0,0,"435,387",0,"32,921,759","8,540,015","6,968,929",0,"4,851,762","11,820,691","21,505,433",0,"74,787,898",0,0,"18,154,738","92,942,636","191,254,340"
1102 亞泥,2008/06,2,Y,06,NTD,"20,180,703","1,243,082","2,469,314",0,"8,900",0,"7,018,614","6,770,082",0,"6,271,288",0,0,"45,616,372","2,752,910","9,549,779",0,0,-,"38,161,541",0,"45,842,416","2,235,419",0,"1,328,931",-,0,"5,438,032","105,309,028","150,925,400","5,353,009","1,410,000","617,961","6,344",-,"945,472","5,119,914","6,983,627","239,502",0,0,-,"6,053,417",0,"26,729,246",0,0,-,-,0,"8,110,440","32,842,753","20,164",-,0,"1,577,729",0,"1,519,146","44,228,013","70,957,259","27,346,909",0,0,"1,640,814",0,"28,987,723","7,978,952","8,679,226",0,"9,809,972","18,489,198","12,881,948",0,"68,337,821",0,0,"11,630,320","79,968,141","150,925,400"
1101 台泥,2008/03,1,Y,03,NTD,"12,423,117","6,501,152","17,958,792",0,0,0,"7,631,637","4,177","62,203","7,302,870",0,0,"57,091,512","2,693,524","3,415,824",0,0,-,"2,425,137",0,"115,287,797","3,081,599",0,"1,853,305",-,"50,517",-,"132,802,533","189,894,045","8,981,519","2,923,251",0,0,-,0,"4,629,061","2,737,512","1,281,502",0,0,-,"7,163,162",0,"29,783,960",0,"157,049",-,-,0,"5,865,000","44,820,140",0,-,0,0,"481,063","6,849,079","59,201,472","88,985,432","32,486,372",0,0,0,0,"32,486,372","8,513,568","6,143,416",0,"10,324,639","16,468,055","23,338,774",0,"80,806,769",0,0,"20,101,844","100,908,613","189,894,045"
1102 亞泥,2008/03,1,Y,03,NTD,"12,815,413","2,143,665","2,277,311",0,"3,117",0,"6,245,396",0,0,"5,796,352",0,0,"30,926,187","2,719,510","12,387,095",0,"20,641",-,"43,700,060",0,"42,291,217","2,167,388",0,"1,360,973",-,0,-,"110,008,107","140,934,294","7,108,454","380,500","992,354","19,247",-,"833,111","3,961,001","159,090","390,575",0,0,-,"4,600,521",0,"18,445,813",0,0,-,-,0,"9,582,588","28,721,531",0,-,0,"1,594,750",0,"1,466,299","41,572,341","60,018,154","27,346,909",0,0,0,0,"27,346,909","7,181,473","7,672,810",0,"17,366,467","25,039,277","17,367,145",0,"76,934,804",0,0,"3,981,336","80,916,140","140,934,294"
1101 台泥,2007/12,4,Y,12,NTD,"9,817,626","6,853,832","21,701,212",0,0,0,"9,617,371","4,861","68,975","6,991,064",0,0,"58,710,666","3,400,280","2,759,237",0,0,-,"2,528,790",0,"115,474,752","3,269,465",0,"1,895,434",-,"50,517",-,"133,203,758","191,914,424","10,234,964","2,916,951","3,329",0,-,0,"4,841,581","2,509,811","886,747",0,0,-,"7,007,336",0,"30,939,928",0,"200,130",-,-,0,"5,865,000","43,797,320",0,-,0,0,"487,502","6,835,339","58,085,964","89,025,892","32,486,372",0,0,0,0,"32,486,372","8,548,945","6,143,416",0,"9,042,400","15,185,816","26,605,783",0,"82,826,916",0,0,"20,061,616","102,888,532","191,914,424"
1102 亞泥,2007/12,4,Y,12,NTD,"6,207,117","2,296,064","2,159,941",0,0,0,"6,329,142","35,860",0,"5,460,736",0,0,"24,006,895","2,720,665","10,594,377",0,"14,553",-,"40,848,522",0,"39,524,884","2,209,722",0,"1,319,626",-,0,-,"104,159,769","128,166,664","3,697,189","450,148",0,"25,836",-,"276,770","4,148,602","1,434,064","264,592",0,0,-,"4,586,197",0,"14,883,398",0,"18,602",-,-,0,"4,500,000","29,219,285",0,-,0,"1,611,772",0,"1,469,427","36,983,513","51,866,911","27,346,909",0,0,0,0,"27,346,909","6,885,839","7,672,810",0,"14,516,179","22,188,989","15,898,054",0,"72,319,791",0,0,"3,979,962","76,299,753","128,166,664"
1101 台泥,2007/06,2,Y,06,NTD,"11,922,113","5,433,838","19,418,434",0,0,0,"9,201,164",745,"84,632","6,017,280",0,0,"55,563,999","3,720,089","3,123,704",0,0,-,"2,399,478",0,"103,686,839","586,688",0,"1,843,279",-,"91,815",-,"119,074,706","174,638,705","10,959,604","2,483,205","4,223",0,-,0,"4,715,529","9,874,910",0,0,0,-,"3,645,894",0,"32,902,837",0,"302,139",-,-,0,"6,865,000","42,561,209",0,-,0,0,"544,663","6,690,494","57,306,647","90,209,484","32,073,511",0,0,"412,861",0,"32,486,372","5,768,907","6,143,416",0,"4,575,210","10,718,626","24,486,307",0,"73,460,212",0,0,"10,969,009","84,429,221","174,638,705"
1102 亞泥,2007/06,2,Y,06,NTD,"6,037,845","2,071,354","1,902,066",0,0,0,"5,474,333","4,254,674",0,"3,888,111",0,0,"24,663,071","3,109,699","8,268,982",0,"12,970",-,"36,074,688",0,"33,891,872","1,393,975","59,427","1,379,112",-,0,-,"91,062,373","115,725,444","1,790,957","269,500",0,"12,700",-,"446,287","4,553,596","4,123,927","383,739",0,0,-,"2,501,638",0,"14,082,344",0,"54,749",-,-,0,"5,900,000","26,830,360","28,313",-,0,"1,645,814",0,"1,466,299","36,067,286","50,149,630","25,321,211",0,0,"2,025,698",0,"27,346,909","6,902,839","7,672,810",0,"9,545,851","17,218,661","11,769,783",0,"63,238,192",0,0,"2,337,622","65,575,814","115,725,444"
1101 台泥,2006/12,4,Y,12,NTD,"8,115,728","3,212,981","13,347,063",0,0,0,"8,690,175",893,"105,946","5,786,938",0,0,"42,884,233","5,297,107","3,107,516","30,000",0,-,"2,115,643",0,"101,086,839","882,690",0,"2,081,205",-,"91,815",-,"118,465,271","161,349,504","4,592,564","2,929,565","1,554",0,-,0,"4,422,539","2,211,355","394,836",0,0,-,"3,448,500",0,"19,604,330",0,"474,955",-,-,0,"8,030,923","48,123,068",0,-,0,0,"888,852","6,551,157","64,227,075","83,831,405","31,416,129",0,0,0,0,"31,416,129","5,259,447","5,455,652","835,454","6,952,502","13,243,608","17,123,656",0,"67,042,840",0,0,"10,475,259","77,518,099","161,349,504"
1102 亞泥,2006/12,4,Y,12,NTD,"6,860,471","1,856,328","1,792,323",0,0,0,"5,655,645","49,930",0,"2,992,585",0,0,"20,233,731","2,988,888","7,097,339",0,"23,891",-,"35,371,362",0,"31,681,690","1,379,359","62,162","1,210,666",-,0,-,"86,630,758","106,864,489","1,681,721","930,163","2,471",0,-,"271,476","3,790,805","107,384","572,807",0,0,-,"1,838,460",0,"9,195,287",0,"90,773",-,-,0,"6,900,000","25,349,989",0,-,0,"1,679,857",0,"1,466,299","35,656,181","44,851,468","25,321,211",0,0,0,0,"25,321,211","6,888,054","6,956,709",0,"11,430,348","18,387,057","9,088,554",0,"59,684,876",0,0,"2,328,145","62,013,021","106,864,489"
1101 台泥,2006/06,2,Y,06,NTD,"15,066,623","4,085,170","9,977,665",0,0,0,"7,477,330","23,139","131,522","4,985,053",0,0,"45,614,559","5,418,412","2,408,734","30,000",0,-,"2,315,907",0,"102,369,311","504,541",0,"2,050,899",-,"117,344",-,"118,977,839","164,592,398","5,049,025","3,198,137","12,160",0,-,0,"3,954,556","6,499,192",0,0,0,-,"4,555,343",0,"25,756,967",0,"448,385",-,-,0,"10,247,270","49,481,414",0,-,0,0,"1,595,529","6,693,887","68,933,218","94,690,185","30,174,388","1,640,000",0,"546,592",0,"32,360,980","7,320,362","5,455,652","835,454","2,577,808","8,868,914","12,031,122","-8,840","60,572,538",0,0,"9,329,675","69,902,213","164,592,398"
1102 亞泥,2006/06,2,Y,06,NTD,"7,314,438","2,022,007","1,930,598",0,0,0,"5,833,547","4,073,425",0,"2,410,074",0,0,"24,475,966","3,184,881","5,990,578",0,"19,981",-,"31,635,083",0,"27,985,367","1,060,261","69,290","1,560,127",-,0,-,"78,347,634","102,823,600","3,952,547","1,324,435",0,0,-,"213,868","3,822,823","3,053,935","440,692",0,0,-,"2,894,868",0,"15,703,168",0,"105,311",-,-,0,"6,900,000","21,107,300",0,-,0,"1,713,899",0,"1,466,299","31,560,075","47,263,243","23,445,566",0,0,"1,875,645",0,"25,321,211","6,923,808","6,956,709",0,"7,962,381","14,919,090","6,116,324",0,"53,280,433",0,0,"2,279,924","55,560,357","102,823,600"
1101 台泥,2005/12,4,Y,12,NTD,"10,873,922","3,090,216","4,378,148",0,0,0,"7,305,856","6,625","82,696","3,969,019",0,0,"33,476,434","5,200,395","4,898,993","30,000",0,-,"3,028,591",0,"103,112,732","551,492",0,"2,089,217",-,"117,344",-,"122,972,188","156,448,622","5,532,681","3,082,192",0,0,-,0,"2,669,571","3,110,264",0,0,0,-,"7,773,146",0,"23,901,768",0,0,-,-,0,"14,571,656","43,277,456",0,-,0,0,"1,608,186","6,532,447","66,392,985","90,294,753","28,278,865","1,640,000",0,0,0,"29,918,865","5,408,030","4,885,315","464,832","6,276,412","11,626,559","9,580,801","-113,868","56,420,387",0,0,"9,733,482","66,153,869","156,448,622"
1102 亞泥,2005/12,4,Y,12,NTD,"7,716,728","1,347,452","951,350",0,0,0,"5,314,800","33,220",0,"2,522,158",0,0,"20,118,558","3,193,304","4,296,573",0,0,-,"31,899,146","9,142","25,759,815","209,357","58,915","2,594,808",-,0,-,"74,935,394","95,053,952","4,112,615","2,182,887",0,0,-,"307,638","3,878,929","71,020","525,046",0,0,-,"2,399,673",0,"13,477,808",0,0,-,-,0,"6,900,000","18,676,583",0,-,0,"1,747,942",0,"1,466,299","29,036,701","42,514,509","23,445,566",0,0,0,0,"23,445,566","6,761,430","6,306,375","86,554","9,875,173","16,268,102","3,644,980",0,"50,120,078",0,0,"2,419,365","52,539,443","95,053,952"
1101 台泥,2005/06,2,Y,06,NTD,"10,711,519","3,956,662","1,840,899",0,0,0,"7,731,824","338,920","112,162","4,700,958",0,0,"32,139,230","5,207,152","5,182,549","237,017",0,-,"3,130,932",0,"102,738,996","624,738",0,"2,166,282",-,"117,344",-,"123,723,538","155,862,768","4,774,688","2,747,551","1,021",0,-,0,"1,887,465","6,295,118",0,0,0,-,"5,421,011",0,"22,400,691",0,0,-,-,0,"14,725,373","46,661,624",0,-,0,0,"1,309,387","6,606,779","70,169,932","92,570,623","26,457,644","1,640,000",0,"1,395,869",0,"29,493,513","4,862,651","4,885,315","464,833","4,167,784","9,517,932","9,729,903","-113,868","53,490,131",0,0,"9,802,014","63,292,145","155,862,768"
1102 亞泥,2005/06,2,Y,06,NTD,"5,386,476","1,242,494","1,268,418",0,0,0,"4,671,725","3,395,802",0,"3,834,326",0,0,"21,057,925","3,221,702","4,177,114",0,0,-,"29,345,981","9,142","23,429,182",0,"64,457","1,936,468",-,0,-,"69,377,508","90,435,433","3,390,127","2,321,639",0,0,-,"802,519","3,164,547","2,777,577","546,568",0,0,-,"3,133,212",0,"16,136,189",0,0,-,-,0,"5,600,000","16,833,881",0,-,0,"1,830,878",0,"1,484,179","25,904,892","42,041,081","21,708,858",0,0,"1,736,709",0,"23,445,567","6,557,165","6,306,375","86,554","6,634,764","13,027,693","2,956,783",0,"45,987,208",0,0,"2,407,144","48,394,352","90,435,433"
1101 台泥,2004/12,4,Y,12,NTD,"3,978,093","5,844,529",-,-,-,-,"7,219,010","11,670","446,441","2,999,738",0,-,"23,775,419",-,-,-,-,-,"23,111,479",-,"95,468,947","670,856",0,"2,285,372",-,0,"4,316,591","125,853,245","149,628,664","4,926,941","2,102,063",-,-,-,0,"2,247,720","2,021,430","656,788",-,-,-,"3,772,805",-,"17,038,240",-,-,-,-,-,"14,446,955","47,804,390",0,-,0,0,"1,269,233","6,474,017","70,934,778","87,973,018","26,457,644","1,640,000",0,0,0,"28,097,644","14,598,169","4,443,162","686,371","4,688,989","9,818,522","-295,004","-113,868","52,105,463",-,-,"9,550,183","61,655,646","149,628,664"
1102 亞泥,2004/12,4,Y,12,NTD,"4,150,977","1,208,409",-,-,-,-,"4,577,650","81,982",0,"2,525,570",0,-,"14,329,092",-,-,-,-,-,"39,191,489",-,"23,045,438","1,010","112,193","2,051,192",-,0,"7,310,702","71,599,831","85,928,923","1,888,142","2,165,528",-,-,-,"203,283","3,899,742","32,457","333,851",-,-,-,"4,784,550",-,"13,307,553",-,-,-,-,-,"5,750,000","15,806,765",0,-,0,"1,872,083",0,"2,029,972","25,524,892","38,832,445","21,708,858",0,0,0,0,"21,708,858","8,778,216","5,664,288","86,554","8,682,498","14,433,340","173,634",0,"45,094,048",-,-,"2,002,430","47,096,478","85,928,923"
1101 台泥,2003/12,4,Y,12,NTD,"4,818,795","2,917,374",-,-,-,-,"6,678,565","512,850","49,000","1,979,073",0,-,"19,317,595",-,-,-,-,-,"25,679,645",-,"97,123,566","1,451,354","938,748","3,330,988",-,0,"4,371,200","131,956,753","151,274,348","4,180,527","3,206,540",-,-,-,"783,788","2,214,432","2,514,593","276,233",-,-,-,"6,892,307",-,"20,257,107",-,-,-,-,-,"4,000,000","60,725,491",0,-,0,"407,721","1,575,013","5,942,233","72,753,596","93,010,703","25,463,964","1,640,000",0,0,0,"27,103,964","14,722,357","4,266,944","371,744","3,053,133","7,691,821","-516,542","-113,868","48,887,732",-,-,"9,375,913","58,263,645","151,274,348"
1102 亞泥,2003/12,4,Y,12,NTD,"3,470,081","2,124,345",-,-,-,-,"4,097,669","51,308",0,"2,161,797",0,-,"12,997,892",-,-,-,-,-,"34,328,384",-,"24,815,335","158,480",0,"1,839,773",-,0,"7,570,142","68,712,114","81,710,006","3,458,748","1,587,726",-,-,-,"204,861","5,099,458","11,366","82,794",-,-,-,"2,572,492",-,"13,017,445",-,-,-,-,-,"7,400,000","15,068,681",0,-,0,"1,953,564",0,"2,056,694","26,843,960","39,861,405","20,383,904",0,0,0,0,"20,383,904","8,264,261","5,330,175","2,129,665","3,401,989","10,861,829","570,252",0,"40,080,246",-,-,"1,768,355","41,848,601","81,710,006"
1101 台泥,2002/12,4,Y,12,NTD,"4,985,267","3,950,592",-,-,-,-,"6,815,253","459,579",0,"2,658,435",0,-,"20,469,320",-,-,-,-,-,"29,761,829",-,"99,266,648","905,970",0,"4,551,865",-,0,"4,680,901","139,167,213","159,636,533","11,566,156","5,128,615",-,-,-,"743,016","2,821,404","2,394,231","115,446",-,-,-,"6,238,674",-,"29,338,010",-,-,-,-,-,"6,500,000","57,947,858",0,-,0,"322,606","1,549,481","6,008,490","72,675,910","102,013,920","24,922,543","1,640,000",0,0,0,"26,562,543","15,140,010","4,200,252","1,085,166","1,374,092","6,659,510","-201,916","-113,868","48,046,279",-,-,"9,576,334","57,622,613","159,636,533"
1102 亞泥,2002/12,4,Y,12,NTD,"3,015,128","2,598,879",-,-,-,-,"5,577,797","71,642",0,"1,628,784",0,-,"14,408,648",-,-,-,-,-,"29,592,155",-,"17,602,098","544,395",0,"1,710,235",-,0,"7,824,279","57,273,162","71,681,810","3,263,742","2,526,980",-,-,-,"1,656,503","2,518,979","10,824","82,831",-,-,-,"1,975,868",-,"12,250,668",-,-,-,-,-,"6,750,000","12,282,191",0,-,0,"2,261,457",0,"2,164,399","23,942,471","36,193,139","20,383,904",0,0,0,0,"20,383,904","6,944,857","5,201,645","2,129,665","1,285,299","8,616,609","-970,047",0,"34,975,323",-,-,"513,348","35,488,671","71,681,810"
1101 台泥,2001/12,4,Y,12,NTD,"1,912,095","582,788",-,-,-,-,"5,532,510","378,339",0,"3,107,531",0,-,"13,893,537",-,-,-,-,-,"30,134,734",-,"100,333,396","1,029,490",0,"2,969,301",-,0,"4,542,922","139,009,843","152,903,380","6,942,343","2,719,324",-,-,-,"513,288","2,422,095","2,867,648","40,197",-,-,-,"1,341,665",-,"16,941,490",-,-,-,-,-,"8,441,000","64,182,829",0,-,0,"200,694","1,439,874","9,327,939","83,927,927","100,869,417","24,433,866","1,640,000",0,0,0,"26,073,866","13,793,492","4,060,447","692,789","488,834","5,242,070","-966,878","-132,353","44,010,197",-,-,"8,023,766","52,033,963","152,903,380"
1102 亞泥,2001/12,4,Y,12,NTD,"3,837,637","1,270,444",-,-,-,-,"6,000,660","58,427",0,"1,683,132",0,-,"15,238,724",-,-,-,-,-,"28,920,080",-,"14,264,588","371,691",0,"1,880,623",-,0,"7,795,965","53,232,947","68,471,671","5,843,500","2,830,723",-,-,-,"1,967,606","2,314,240","22,958","113,892",-,-,-,"471,239",-,"13,751,707",-,-,-,-,-,"7,500,000","7,881,110",0,-,0,"2,326,775",0,"2,162,435","20,419,637","34,171,344","20,383,904",0,0,0,0,"20,383,904","7,075,997","5,175,212","2,304,302","264,327","7,743,841","-2,043,111",0,"33,160,631",-,-,"1,139,696","34,300,327","68,471,671"
1101 台泥,2000/12,4,Y,12,NTD,"2,090,427","2,034,358",-,-,-,-,"4,845,152","372,794",0,"1,958,077",0,-,"16,474,847",-,-,-,-,-,"25,448,547",-,"88,439,535","1,156,032",0,"2,068,865",-,0,"4,523,364","121,636,343","138,111,190","6,588,986","2,713,966",-,-,-,"595,603","1,972,588","2,081,047","69,856",-,-,-,"3,997,528",-,"18,353,243",-,-,-,-,-,"13,020,000","48,923,045",0,-,0,"150,622","1,051,180","9,345,263","72,614,970","90,968,213","23,722,200",0,0,0,0,"23,722,200","12,002,877","3,975,977","169,828","907,030","5,052,835","-872,760","-76,851","39,828,301",-,-,"7,314,676","47,142,977","138,111,190"
1102 亞泥,2000/12,4,Y,12,NTD,"1,962,965","213,955",-,-,-,-,"4,755,981","53,722",0,"1,619,285",0,-,"8,960,175",-,-,-,-,-,"34,057,394",-,"4,733,989","11,166",0,"980,975",-,0,"8,278,426","48,061,950","57,022,125","1,900,000","1,582,107",-,-,-,"2,247,242","1,280,076","34,739","8,579",-,-,-,"2,546,784",-,"9,672,874",-,-,-,-,-,"7,620,000","1,006,096",0,-,0,"2,186,671",0,"2,138,248","13,038,121","22,710,995","20,377,428",0,0,0,0,"20,377,428","7,556,438","5,162,512","2,365,458","595,674","8,123,644","-1,874,543",0,"34,182,967",-,-,"128,163","34,311,130","57,022,125"
